subnational1,year,extent_2000_ha,loss_ha,loss_rate_%,gfw_aboveground_carbon_stocks_2000__Mg_C,avg_gfw_aboveground_carbon_stocks_2000__Mg_C_ha-1,emission_Mg_CO2e,emission_estimated_CO2e,carbon_loss_MgC,lag_1,lag_2,lag_3,lag_5,lag_7,lag_10,roll_mean_3,roll_std_3,pct_change_3,roll_mean_5,roll_std_5,pct_change_5,roll_mean_7,roll_std_7,pct_change_7,roll_mean_10,roll_std_10,pct_change_10,trend,sin_year,cos_year,prov_enc,prov_mean_loss
Aceh,2001,4984708,18278,0.36668145857289935,653101544,544,10781164,36491661.44,9943232,14410.5,14240.5,14297.0,14513.5,14205.5,13514.5,15178.666666666668,4017.0082175396165,0.0633849853059043,17240.6,5139.581227977338,0.05911762543411603,17640.071428571428,6234.743617288343,0.041157114531337746,16975.1,7256.98049774816,0.1856132422614606,0,0.5877852522924594,0.8090169943749574,0,35705.083333333336
Aceh,2002,4984708,10952,0.21971196708011784,653101544,544,6627106,21865448.96,5957888,18278.0,14240.5,14297.0,14513.5,14205.5,13514.5,15178.666666666668,4017.0082175396165,0.0633849853059043,17240.6,5139.581227977338,0.05911762543411603,17640.071428571428,6234.743617288343,0.041157114531337746,16975.1,7256.98049774816,0.1856132422614606,1,0.9510565162951407,0.3090169943749873,0,35705.083333333336
Aceh,2003,4984708,11816,0.23704497836182178,653101544,544,8026562,23590407.68,6427904,10952.0,18278.0,14297.0,14513.5,14205.5,13514.5,15178.666666666668,4017.0082175396165,0.0633849853059043,17240.6,5139.581227977338,0.05911762543411603,17640.071428571428,6234.743617288343,0.041157114531337746,16975.1,7256.98049774816,0.1856132422614606,2,0.9510565162951742,-0.3090169943748839,0,35705.083333333336
Aceh,2004,4984708,19138,0.38393422443200287,653101544,544,11548791,38208634.24,10411072,11816.0,10952.0,18278.0,14513.5,14205.5,13514.5,13682.0,4003.627854833663,0.04705109968267873,17240.6,5139.581227977338,0.05911762543411603,17640.071428571428,6234.743617288343,0.041157114531337746,16975.1,7256.98049774816,0.1856132422614606,3,0.5877852522925473,-0.8090169943748935,0,35705.083333333336
Aceh,2005,4984708,26479,0.5312046362595362,653101544,544,17345183,52864793.92,14404576,19138.0,11816.0,10952.0,14513.5,14205.5,13514.5,13968.666666666666,4497.56926943136,1.4177319211102994,17240.6,5139.581227977338,0.05911762543411603,17640.071428571428,6234.743617288343,0.041157114531337746,16975.1,7256.98049774816,0.1856132422614606,4,-1.1076377890021368e-13,-1.0,0,35705.083333333336
Aceh,2006,4984708,21284,0.42698589365716105,653101544,544,13845766,42493080.32,11578496,26479.0,19138.0,11816.0,18278.0,14205.5,13514.5,19144.333333333332,7331.502051648989,0.8012863913337847,17332.6,6303.864195872244,0.1644600065652697,17640.071428571428,6234.743617288343,0.041157114531337746,16975.1,7256.98049774816,0.1856132422614606,5,-0.5877852522923587,-0.8090169943750306,0,35705.083333333336
Aceh,2007,4984708,24168,0.4848428433521081,653101544,544,15217238,48250928.64,13147392,21284.0,26479.0,19138.0,10952.0,14205.5,13514.5,22300.333333333332,3774.5556471369378,0.2628278817013272,17933.8,6554.910159567407,1.206720233747261,17640.071428571428,6234.743617288343,0.041157114531337746,16975.1,7256.98049774816,0.1856132422614606,6,-0.9510565162951724,-0.30901699437488944,0,35705.083333333336
Aceh,2008,4984708,36734,0.7369338384515202,653101544,544,24828757,73338696.32,19983296,24168.0,21284.0,26479.0,11816.0,18278.0,13514.5,23977.0,2602.7614181864647,0.38728803957853386,20577.0,5635.924413971501,2.1088354773188898,18873.571428571428,5840.5039696114945,1.009738483422694,16975.1,7256.98049774816,0.1856132422614606,7,-0.9510565162951424,0.30901699437498176,0,35705.083333333336
Aceh,2009,4984708,69111,1.386460350335466,653101544,544,44802236,137978729.28,37596384,36734.0,24168.0,21284.0,19138.0,10952.0,13514.5,27395.333333333332,8215.070622540828,2.247087013719226,25560.6,6840.445146333681,2.611192392099488,21510.14285714286,8894.273071824953,5.310354273192111,16975.1,7256.98049774816,0.1856132422614606,8,-0.587785252292464,0.809016994374954,0,35705.083333333336
Aceh,2010,4984708,40757,0.8176406722319541,653101544,544,25634918,81370535.36,22171808,69111.0,36734.0,24168.0,26479.0,11816.0,13514.5,43337.666666666664,23187.811935008733,0.6864035087719298,35555.2,19641.1186214024,0.539219759054345,29818.571428571428,18911.22190532333,2.4493060257278265,16975.1,7256.98049774816,0.1856132422614606,9,-1.3703664537718588e-14,1.0,0,35705.083333333336
Aceh,2011,4984708,47485,0.9526134730459638,653101544,544,31277948,94802852.8,25831840,40757.0,69111.0,36734.0,21284.0,19138.0,18278.0,48867.333333333336,17646.548170487436,0.29267163935318785,38410.8,19019.747782239385,1.2310186055252772,33953.0,17424.637863286192,1.4811892569756506,27871.7,17373.940658673582,1.5979319400372032,10,0.5877852522924419,0.8090169943749701,0,35705.083333333336
Aceh,2012,4984708,49396,0.9909507236933438,653101544,544,31813634,98618126.08,26871424,47485.0,40757.0,69111.0,24168.0,26479.0,10952.0,52451.0,14814.965271643401,-0.2852657319384758,43651.0,16573.46199500877,1.043859649122807,38002.57142857143,16686.050190275142,0.8654783035613127,30792.4,18024.74194113315,3.510226442658875,11,0.951056516295134,0.3090169943750078,0,35705.083333333336
Aceh,2013,4984708,41390,0.8303395103584804,653101544,544,24213932,82634307.2,22516160,49396.0,47485.0,40757.0,36734.0,21284.0,11816.0,45879.333333333336,4537.808318267023,0.01553107441666457,48696.6,12498.458997012393,0.12674906081559323,41276.42857142857,16291.798333897368,0.9446532606652884,34636.8,17412.25700348911,2.5028774542992553,12,0.9510565162951808,-0.30901699437486335,0,35705.083333333336
Aceh,2014,4984708,58555,1.174692680092796,653101544,544,36641364,116903886.39999999,31853920,41390.0,49396.0,47485.0,69111.0,24168.0,19138.0,46090.333333333336,4181.247461384388,0.23312625039486146,49627.8,11519.470981776898,-0.15273979540160032,44148.71428571428,13754.403412656447,1.4228318437603442,37594.2,15513.560002641418,2.0596196049743964,13,0.5877852522925647,-0.8090169943748808,0,35705.083333333336
Aceh,2015,4984708,33969,0.6814641900789374,653101544,544,20419815,67818429.12,18479136,58555.0,41390.0,49396.0,40757.0,36734.0,26479.0,49780.333333333336,8588.951643438993,-0.312312737873512,47516.6,7221.614037041861,-0.16654807763083646,49061.142857142855,11361.412198439824,-0.07527086622747314,41535.9,15309.360698242395,0.28286566713244454,14,1.3817110797565086e-13,-1.0,0,35705.083333333336
Aceh,2016,4984708,50074,1.0045523228241253,653101544,544,29597570,99971739.52,27240256,33969.0,58555.0,41390.0,47485.0,69111.0,21284.0,44638.0,12610.708822266894,0.20980913264073453,46159.0,9182.003076671235,0.05452248078340527,48666.142857142855,11896.86424271219,-0.27545542677721346,42284.9,14660.326102557656,1.3526592745724488,15,-0.5877852522925252,-0.8090169943749096,0,35705.083333333336
Aceh,2017,4984708,45813,0.9190708863989625,653101544,544,26984846,91464738.24,24922272,50074.0,33969.0,58555.0,49396.0,40757.0,24168.0,47532.666666666664,12488.459886364428,-0.2176073776791051,46676.8,9346.99265539457,-0.07253623775204465,45946.57142857143,7973.180771752746,0.1240523100326325,45163.9,12784.85354237584,0.8956057596822244,16,-0.9510565162950955,-0.3090169943751262,0,35705.083333333336
Aceh,2018,4984708,46111,0.9250491703826984,653101544,544,27851704,92059689.28,25084384,45813.0,50074.0,33969.0,41390.0,47485.0,36734.0,43285.333333333336,8344.733688580684,0.35744355147340223,45960.2,9222.928097952408,0.11406136748006768,46668.857142857145,7647.0471736606005,-0.028935453301042413,47328.4,10455.276352158276,0.2552675994991016,17,-0.9510565162951491,0.3090169943749612,0,35705.083333333336
Aceh,2019,4984708,28562,0.5729924400787367,653101544,544,17771125,57023461.76,15537728,46111.0,45813.0,50074.0,58555.0,49396.0,69111.0,47332.666666666664,2378.7354483702793,-0.4296041858050086,46904.4,8873.10620921445,-0.5122192810178465,46472.57142857143,7640.237798592902,-0.4217750425135639,48266.1,9799.451066825692,-0.5867228082360261,18,-0.5877852522924816,0.8090169943749413,0,35705.083333333336
Aceh,2020,4984708,30225,0.6063544745248869,653101544,544,18601460,60343608.0,16442400,28562.0,46111.0,45813.0,33969.0,41390.0,40757.0,40162.0,10046.999601871199,-0.34025276668194615,40905.8,9161.320903668862,-0.1102181400688863,43496.28571428572,10003.945883404973,-0.26975114762019814,44211.2,8521.754720191797,-0.2584095983512035,19,-3.5264875970351066e-14,1.0,0,35705.083333333336
Aceh,2021,4984708,31786,0.6376702506947248,653101544,544,18974147,63460113.28,17291584,30225.0,28562.0,46111.0,50074.0,58555.0,47485.0,34966.0,9687.603470415168,-0.3106633991889137,40157.0,9985.939990807077,-0.3652194751767385,41901.28571428572,11212.760657903504,-0.45715993510374864,43158.0,9581.073484276756,-0.33060966621038224,20,0.5877852522924245,0.8090169943749828,0,35705.083333333336
Aceh,2022,4984708,29785,0.597527478038834,653101544,544,16989501,59465156.8,16203040,31786.0,30225.0,28562.0,45813.0,33969.0,49396.0,30191.0,1612.268898168049,0.04281913031300322,36499.4,8713.675361177971,-0.34985702748128256,38077.142857142855,8915.906523896332,-0.1231711266154435,41588.1,10067.143017979057,-0.39701595270872136,21,0.9510565162951273,0.30901699437502833,0,35705.083333333336
Aceh,2023,4984708,38983,0.7820518273086408,653101544,544,23348363,77828779.84,21206752,29785.0,31786.0,30225.0,46111.0,50074.0,41390.0,30598.666666666668,1051.5323738874372,0.28976013234077747,33293.8,7257.293207525795,-0.154583505020494,37479.42857142857,9366.09393605721,-0.22149219155649635,39627.0,10284.924523031003,-0.058154143512925804,22,0.9510565162951875,-0.30901699437484287,0,35705.083333333336
Aceh,2024,4984708,46071,0.9242467161566936,653101544,544,28174569,91979830.08,25062624,38983.0,29785.0,31786.0,28562.0,45813.0,58555.0,33518.0,4837.423797849431,0.44941169068143205,31868.2,4141.193149323038,0.6130172957075835,35895.0,7663.842530567374,0.005631589286883676,39386.3,10267.230796730604,-0.21320126376910598,23,0.5877852522923983,-0.8090169943750019,0,35705.083333333336
Bali,2001,365485,424,0.11601023297809761,39151857,491,260325,764035.28,208184,14410.5,14240.5,14297.0,14513.5,14205.5,13514.5,15178.666666666668,4017.0082175396165,0.0633849853059043,17240.6,5139.581227977338,0.05911762543411603,17640.071428571428,6234.743617288343,0.041157114531337746,16975.1,7256.98049774816,0.1856132422614606,0,0.5877852522924594,0.8090169943749574,1,354.875
Bali,2002,365485,311,0.08509241145327441,39151857,491,190618,560412.67,152701,424.0,14240.5,14297.0,14513.5,14205.5,13514.5,15178.666666666668,4017.0082175396165,0.0633849853059043,17240.6,5139.581227977338,0.05911762543411603,17640.071428571428,6234.743617288343,0.041157114531337746,16975.1,7256.98049774816,0.1856132422614606,1,0.9510565162951407,0.3090169943749873,1,354.875
Bali,2003,365485,179,0.04897601816764025,39151857,491,117400,322552.63,87889,311.0,424.0,14297.0,14513.5,14205.5,13514.5,15178.666666666668,4017.0082175396165,0.0633849853059043,17240.6,5139.581227977338,0.05911762543411603,17640.071428571428,6234.743617288343,0.041157114531337746,16975.1,7256.98049774816,0.1856132422614606,2,0.9510565162951742,-0.3090169943748839,1,354.875
Bali,2004,365485,370,0.10123534481579272,39151857,491,219024,666728.9,181670,179.0,311.0,424.0,14513.5,14205.5,13514.5,304.6666666666667,122.62272763779697,-0.12735849056603776,17240.6,5139.581227977338,0.05911762543411603,17640.071428571428,6234.743617288343,0.041157114531337746,16975.1,7256.98049774816,0.1856132422614606,3,0.5877852522925473,-0.8090169943748935,1,354.875
Bali,2005,365485,236,0.0645717334500732,39151857,491,148261,425264.92,115876,370.0,179.0,311.0,14513.5,14205.5,13514.5,286.6666666666667,97.79740964531389,-0.2411575562700965,17240.6,5139.581227977338,0.05911762543411603,17640.071428571428,6234.743617288343,0.041157114531337746,16975.1,7256.98049774816,0.1856132422614606,4,-1.1076377890021368e-13,-1.0,1,354.875
Bali,2006,365485,515,0.14090865562198177,39151857,491,321987,928014.5499999999,252865,236.0,370.0,179.0,424.0,14205.5,13514.5,261.6666666666667,98.0527069148697,1.877094972067039,304.0,98.81042455377225,0.2146226415094339,17640.071428571428,6234.743617288343,0.041157114531337746,16975.1,7256.98049774816,0.1856132422614606,5,-0.5877852522923587,-0.8090169943750306,1,354.875
Bali,2007,365485,504,0.13789895618151224,39151857,491,315182,908192.88,247464,515.0,236.0,370.0,311.0,14205.5,13514.5,373.6666666666667,139.53613629928748,0.36216216216216224,322.2,129.92189961856482,0.6205787781350482,17640.071428571428,6234.743617288343,0.041157114531337746,16975.1,7256.98049774816,0.1856132422614606,6,-0.9510565162951724,-0.30901699437488944,1,354.875
Bali,2008,365485,229,0.06265647016977441,39151857,491,146969,412651.13,112439,504.0,515.0,236.0,179.0,424.0,13514.5,418.3333333333333,158.00105484879947,-0.029661016949152574,360.8,152.4752438938723,0.2793296089385475,362.7142857142857,128.73967827157327,-0.45990566037735847,16975.1,7256.98049774816,0.1856132422614606,7,-0.9510565162951424,0.30901699437498176,1,354.875
Bali,2009,365485,377,0.1031506080960915,39151857,491,232894,679342.69,185107,229.0,504.0,515.0,370.0,311.0,13514.5,416.0,162.0401184892186,-0.2679611650485437,370.8,138.57741518911254,0.018918918918918948,334.85714285714283,134.24781633248034,0.212218649517685,16975.1,7256.98049774816,0.1856132422614606,8,-0.587785252292464,0.809016994374954,1,354.875
Bali,2010,365485,198,0.054174589928451235,39151857,491,125464,356790.06,97218,377.0,229.0,504.0,236.0,179.0,13514.5,370.0,137.63357148602955,-0.6071428571428572,372.2,138.60266952874917,-0.1610169491525424,344.2857142857143,134.61019560742056,0.1061452513966481,16975.1,7256.98049774816,0.1856132422614606,9,-1.3703664537718588e-14,1.0,1,354.875
Bali,2011,365485,216,0.05909955264921953,39151857,491,133383,389225.52,106056,198.0,377.0,229.0,515.0,370.0,424.0,268.0,95.66085928947119,-0.05676855895196509,364.6,148.617966614053,-0.5805825242718446,347.0,130.86124967395793,-0.4162162162162162,334.3,123.19095385151512,-0.49056603773584906,10,0.5877852522924419,0.8090169943749701,1,354.875
Bali,2012,365485,743,0.20329151675171347,39151857,491,452548,1338863.71,364813,216.0,198.0,377.0,504.0,236.0,311.0,263.6666666666667,98.56131763188509,0.9708222811671088,304.8,132.2221615331435,0.4742063492063493,325.0,139.03956271350646,2.1483050847457625,313.5,123.92044939198962,1.3890675241157555,11,0.951056516295134,0.3090169943750078,1,354.875
Bali,2013,365485,396,0.10834917985690247,39151857,491,204263,713580.12,194436,743.0,216.0,198.0,229.0,515.0,179.0,385.6666666666667,309.5905898656052,1.0,352.6,229.58941613344453,0.7292576419213974,397.42857142857144,202.5149024488061,-0.23106796116504857,356.7,183.78976515985036,1.2122905027932962,12,0.9510565162951808,-0.30901699437486335,1,354.875
Bali,2014,365485,907,0.2481633993187135,39151857,491,508923,1634386.79,445337,396.0,743.0,216.0,377.0,504.0,370.0,451.6666666666667,267.8737264707633,3.1990740740740744,386.0,219.01712261943229,1.4058355437665782,380.42857142857144,195.88675056568434,0.7996031746031746,378.4,172.9696183976371,1.4513513513513514,13,0.5877852522925647,-0.8090169943748808,1,354.875
Bali,2015,365485,133,0.036390002325676844,39151857,491,76643,239662.01,65303,907.0,396.0,743.0,198.0,229.0,236.0,682.0,260.9041969765914,-0.8209959623149394,492.0,319.00391847200524,-0.3282828282828283,438.0,279.5937529098795,-0.4192139737991266,432.1,240.31851549271968,-0.43644067796610164,14,1.3817110797565086e-13,-1.0,1,354.875
Bali,2016,365485,156,0.04268301024665855,39151857,491,96433,281107.32,76596,133.0,907.0,396.0,216.0,377.0,515.0,478.6666666666667,393.5661740207526,-0.6060606060606061,479.0,334.9081963769982,-0.2777777777777778,424.2857142857143,293.55959888036716,-0.5862068965517242,421.8,251.59968203424978,-0.6970873786407767,15,-0.5877852522925252,-0.8090169943749096,1,354.875
Bali,2017,365485,263,0.07195917753122563,39151857,491,155514,473918.11,129133,156.0,133.0,907.0,743.0,198.0,504.0,398.6666666666667,440.3797603584131,-0.7100330760749725,467.0,347.52481925827135,-0.6460296096904441,392.7142857142857,310.8663776632469,0.3282828282828283,385.9,262.21214905272114,-0.47817460317460314,16,-0.9510565162950955,-0.3090169943751262,1,354.875
Bali,2018,365485,302,0.08262993009289027,39151857,491,161045,544194.94,148282,263.0,156.0,133.0,396.0,216.0,229.0,184.0,69.37578828380977,1.2706766917293235,371.0,317.1963114547451,-0.23737373737373735,402.0,304.9961748386862,0.39814814814814814,361.8,261.22480739725927,0.3187772925764192,17,-0.9510565162951491,0.3090169943749612,1,354.875
Bali,2019,365485,706,0.1931679822701342,39151857,491,429538,1272190.82,346646,302.0,263.0,156.0,907.0,743.0,377.0,240.33333333333334,75.59320957158337,3.5256410256410255,352.2,318.1284331846117,-0.22160970231532529,414.2857142857143,297.9047466805489,-0.04979811574697168,369.1,258.1026712155923,0.8726790450928381,18,-0.5877852522924816,0.8090169943749413,1,354.875
Bali,2020,365485,165,0.0451454916070427,39151857,491,109182,297325.05,81015,706.0,302.0,263.0,133.0,396.0,198.0,423.6666666666667,245.28418891835096,-0.37262357414448666,312.0,231.3622700452617,0.24060150375939848,409.0,291.3565970871957,-0.5833333333333333,402.0,279.31821756985727,-0.16666666666666663,19,-3.5264875970351066e-14,1.0,1,354.875
Bali,2021,365485,199,0.05444819896849392,39151857,491,124862,358592.02999999997,97709,165.0,706.0,302.0,156.0,907.0,216.0,391.0,281.2667772773741,-0.3410596026490066,318.4,225.54223551365388,0.27564102564102555,376.0,305.79840854103577,-0.7805953693495038,398.7,282.17648141969966,-0.07870370370370372,20,0.5877852522924245,0.8090169943749828,1,354.875
Bali,2022,365485,262,0.07168556849118295,39151857,491,168103,472116.14,128642,199.0,165.0,706.0,263.0,133.0,743.0,356.6666666666667,303.00880075227735,-0.6288951841359773,327.0,218.51201340085714,-0.0038022813688213253,274.85714285714283,199.51393315598838,0.9699248120300752,397.0,283.447820006438,-0.6473755047106325,21,0.9510565162951273,0.30901699437502833,1,354.875
Bali,2023,365485,558,0.15267384434381714,39151857,491,365681,1005499.26,273978,262.0,199.0,165.0,302.0,156.0,396.0,208.66666666666666,49.217205663602456,2.381818181818182,326.8,218.58568114242152,0.8476821192052981,293.2857142857143,189.95588460166468,2.576923076923077,348.9,257.86665373957567,0.40909090909090917,22,0.9510565162951875,-0.30901699437484287,1,354.875
Bali,2024,365485,168,0.045966318727170746,39151857,491,110329,302730.96,82488,558.0,262.0,199.0,706.0,263.0,907.0,339.6666666666667,191.6881147419769,-0.15577889447236182,378.0,240.2342606717359,-0.7620396600566572,350.7142857142857,201.92384231388192,-0.3612167300380228,365.1,266.111275805529,-0.814773980154355,23,0.5877852522923983,-0.8090169943750019,1,354.875
Bangka Belitung,2001,1332845,13910,1.0436322303043488,106312312,283,7005063,14447065.1,3936530,14410.5,14240.5,14297.0,14513.5,14205.5,13514.5,15178.666666666668,4017.0082175396165,0.0633849853059043,17240.6,5139.581227977338,0.05911762543411603,17640.071428571428,6234.743617288343,0.041157114531337746,16975.1,7256.98049774816,0.1856132422614606,0,0.5877852522924594,0.8090169943749574,2,29255.708333333332
Bangka Belitung,2002,1332845,11247,0.843834054222359,106312312,283,5562797,11681246.67,3182901,13910.0,14240.5,14297.0,14513.5,14205.5,13514.5,15178.666666666668,4017.0082175396165,0.0633849853059043,17240.6,5139.581227977338,0.05911762543411603,17640.071428571428,6234.743617288343,0.041157114531337746,16975.1,7256.98049774816,0.1856132422614606,1,0.9510565162951407,0.3090169943749873,2,29255.708333333332
Bangka Belitung,2003,1332845,7124,0.5344957590717601,106312312,283,3487235,7399057.64,2016092,11247.0,13910.0,14297.0,14513.5,14205.5,13514.5,15178.666666666668,4017.0082175396165,0.0633849853059043,17240.6,5139.581227977338,0.05911762543411603,17640.071428571428,6234.743617288343,0.041157114531337746,16975.1,7256.98049774816,0.1856132422614606,2,0.9510565162951742,-0.3090169943748839,2,29255.708333333332
Bangka Belitung,2004,1332845,21976,1.648803874419006,106312312,283,11477498,22824493.36,6219208,7124.0,11247.0,13910.0,14513.5,14205.5,13514.5,10760.333333333334,3419.0762397661356,0.5798705966930267,17240.6,5139.581227977338,0.05911762543411603,17640.071428571428,6234.743617288343,0.041157114531337746,16975.1,7256.98049774816,0.1856132422614606,3,0.5877852522925473,-0.8090169943748935,2,29255.708333333332
Bangka Belitung,2005,1332845,19839,1.4884701521932406,106312312,283,10079529,20604983.79,5614437,21976.0,7124.0,11247.0,14513.5,14205.5,13514.5,13449.0,7666.947176027757,0.763937049879968,17240.6,5139.581227977338,0.05911762543411603,17640.071428571428,6234.743617288343,0.041157114531337746,16975.1,7256.98049774816,0.1856132422614606,4,-1.1076377890021368e-13,-1.0,2,29255.708333333332
Bangka Belitung,2006,1332845,20241,1.5186311986765153,106312312,283,10751927,21022505.009999998,5728203,19839.0,21976.0,7124.0,13910.0,14205.5,13514.5,16313.0,8029.32020783827,1.8412408759124088,14819.2,6107.813413980512,0.45514018691588776,17640.071428571428,6234.743617288343,0.041157114531337746,16975.1,7256.98049774816,0.1856132422614606,5,-0.5877852522923587,-0.8090169943750306,2,29255.708333333332
Bangka Belitung,2007,1332845,23237,1.7434135252036058,106312312,283,12008264,24134180.57,6576071,20241.0,19839.0,21976.0,11247.0,14205.5,13514.5,20685.333333333332,1135.6787984872012,0.057380779031670937,16085.4,6514.877151566272,1.0660620609940428,17640.071428571428,6234.743617288343,0.041157114531337746,16975.1,7256.98049774816,0.1856132422614606,6,-0.9510565162951724,-0.30901699437488944,2,29255.708333333332
Bangka Belitung,2008,1332845,22678,1.701473164546515,106312312,283,11226378,23553597.58,6417874,23237.0,20241.0,19839.0,7124.0,13910.0,13514.5,21105.666666666668,1856.7006579772976,0.14310197086546705,18483.4,6495.339583116515,2.1833239752947784,16796.285714285714,6084.33419294406,0.6303378864126528,16975.1,7256.98049774816,0.1856132422614606,7,-0.9510565162951424,0.30901699437498176,2,29255.708333333332
Bangka Belitung,2009,1332845,63896,4.793955786306735,106312312,283,33402713,66363024.56,18082568,22678.0,23237.0,20241.0,21976.0,11247.0,13514.5,22052.0,1593.0822326546725,2.1567610295933997,21594.2,1494.2441902179787,1.9075354932653803,18048.85714285714,6290.152447240329,4.681159420289855,16975.1,7256.98049774816,0.1856132422614606,8,-0.587785252292464,0.809016994374954,2,29255.708333333332
Bangka Belitung,2010,1332845,23187,1.7396621512629,106312312,283,12361376,24082250.07,6561921,63896.0,22678.0,23237.0,19839.0,7124.0,13514.5,36603.666666666664,23637.50651683323,-0.0021517407582734016,29978.2,19018.21689065513,0.1687585059730834,25570.14285714286,17781.559656270976,2.2547725996631107,16975.1,7256.98049774816,0.1856132422614606,9,-1.3703664537718588e-14,1.0,2,29255.708333333332
Bangka Belitung,2011,1332845,32400,2.4308903135773474,106312312,283,16964282,33650964.0,9169200,23187.0,63896.0,22678.0,20241.0,21976.0,13910.0,36587.0,23651.657045543343,0.42869741599788336,30647.8,18626.899197128867,0.6007114273010228,27864.85714285714,15946.067283487913,0.47433563887877694,22733.5,15504.223361895798,1.3292595255212079,10,0.5877852522924419,0.8090169943749701,2,29255.708333333332
Bangka Belitung,2012,1332845,39451,2.959909066695677,106312312,283,21360184,40974203.11,11164633,32400.0,23187.0,63896.0,23237.0,19839.0,11247.0,39827.666666666664,21346.740836327528,-0.3825748090647302,33079.6,17699.19459467012,0.6977664930929122,29354.0,15790.44240461087,0.9885578910227331,24582.5,15437.427601269725,2.5076909398061704,11,0.951056516295134,0.3090169943750078,2,29255.708333333332
Bangka Belitung,2013,1332845,17575,1.318607940158083,106312312,283,9630177,18253570.75,4973725,39451.0,32400.0,23187.0,22678.0,20241.0,7124.0,31679.333333333332,8155.914684039632,-0.2420321732005003,36322.4,16912.903071323977,-0.2250198430196666,32155.714285714286,15559.002707053402,-0.13171286003655946,27402.9,15306.1995751177,1.467012914093206,12,0.9510565162951808,-0.30901699437486335,2,29255.708333333332
Bangka Belitung,2014,1332845,41246,3.094583391167015,106312312,283,22150159,42838508.06,11672618,17575.0,39451.0,32400.0,63896.0,23237.0,21976.0,29808.666666666668,11165.845258346244,0.27302469135802476,35301.8,18057.3558058759,-0.3544822837110304,31774.85714285714,15927.527736893873,0.7750139863149288,28448.0,14074.994383263134,0.8768656716417911,13,0.5877852522925647,-0.8090169943748808,2,29255.708333333332
Bangka Belitung,2015,1332845,41281,3.097209352925509,106312312,283,22577478,42874859.41,11682523,41246.0,17575.0,39451.0,23187.0,22678.0,19839.0,32757.333333333332,13178.882362830822,0.046386656865478715,30771.8,10239.30093805237,0.7803510587829388,34347.57142857143,15772.298340837357,0.8203104330187847,30375.0,14405.700769718444,1.0808004435707446,14,1.3817110797565086e-13,-1.0,2,29255.708333333332
Bangka Belitung,2016,1332845,58203,4.366824349417974,106312312,283,36821355,60450217.83,16471449,41281.0,41246.0,17575.0,32400.0,63896.0,20241.0,33367.333333333336,13676.573047855713,2.311692745376956,34390.6,10084.749144128478,0.7963888888888888,37005.142857142855,15028.01330214755,-0.0890979091022912,32519.2,14258.235575741244,1.8755002223210315,15,-0.5877852522925252,-0.8090169943749096,2,29255.708333333332
Bangka Belitung,2017,1332845,25558,1.9175523035311683,106312312,283,12950327,26544794.38,7232914,58203.0,41281.0,41246.0,39451.0,23187.0,23237.0,46910.0,9780.040541838254,-0.38035203413664354,39551.2,14463.035684115555,-0.3521583736787407,36191.857142857145,13395.571512363964,0.10225557424418863,36315.4,15615.048220653473,0.09988380599905322,16,-0.9510565162950955,-0.3090169943751262,2,29255.708333333332
Bangka Belitung,2018,1332845,22426,1.682566239885358,106312312,283,10287578,23291867.86,6346558,25558.0,58203.0,41281.0,17575.0,32400.0,22678.0,41680.666666666664,16326.169371084365,-0.4567476563067755,36772.6,15763.201778192146,0.27601706970128026,36530.57142857143,13037.110708245422,-0.3078395061728395,36547.5,15415.021470774678,-0.011112091013316894,17,-0.9510565162951491,0.3090169943749612,2,29255.708333333332
Bangka Belitung,2019,1332845,25529,1.915376506645559,106312312,283,10721349,26514674.69,7224707,22426.0,25558.0,58203.0,41246.0,39451.0,63896.0,35395.666666666664,19813.712330942257,-0.5613799975946256,37742.8,14374.32404323765,-0.38105513261892066,35105.71428571428,14068.068591841658,-0.35289346277660893,36522.3,15440.399261173407,-0.6004601226993864,18,-0.5877852522924816,0.8090169943749413,2,29255.708333333332
Bangka Belitung,2020,1332845,24628,1.8477767482340406,106312312,283,12029032,25578887.08,6969724,25529.0,22426.0,25558.0,41281.0,17575.0,23187.0,24504.333333333332,1799.947869615439,-0.036387823773378236,34599.4,15116.087863597515,-0.40340592524405905,33116.857142857145,14332.9829580653,0.4013086770981509,32685.6,12337.764467051733,0.062146892655367214,19,-3.5264875970351066e-14,1.0,2,29255.708333333332
Bangka Belitung,2021,1332845,31006,2.3263020081104706,106312312,283,15885973,32203141.66,8774698,24628.0,25529.0,22426.0,58203.0,41246.0,32400.0,24194.333333333332,1596.308971763661,0.382591634709712,31268.8,15110.468281956062,-0.4672783189869938,34124.42857142857,13266.570605060204,-0.2482664985695583,32829.7,12222.373637900468,-0.04302469135802467,20,0.5877852522924245,0.8090169943749828,2,29255.708333333332
Bangka Belitung,2022,1332845,34052,2.5548357085782665,106312312,283,16706101,35366747.72,9636716,31006.0,24628.0,25529.0,25558.0,41281.0,39451.0,27054.333333333332,3451.768001087727,0.33385561518273343,25829.4,3161.7866468185857,0.33234212379685424,32661.571428571428,12910.199673864361,-0.17511688185848207,32690.3,12235.761212754824,-0.13685331170312542,21,0.9510565162951273,0.30901699437502833,2,29255.708333333332
Bangka Belitung,2023,1332845,50388,3.7804846024856604,106312312,283,24505926,52333480.68,14259804,34052.0,31006.0,24628.0,22426.0,58203.0,17575.0,29895.333333333332,4809.171376997619,1.045963943478967,27528.2,4824.2995553759165,1.2468563274770355,31628.85714285714,12384.215658498131,-0.1342714293077676,32150.4,12021.540455920496,1.867027027027027,22,0.9510565162951875,-0.30901699437484287,2,29255.708333333332
Bangka Belitung,2024,1332845,31059,2.330278464487619,106312312,283,15367547,32258187.99,8789697,50388.0,34052.0,31006.0,25529.0,25558.0,41246.0,38482.0,10422.771032695664,0.0017093465780817496,33120.6,10407.434688721332,0.21661639703866187,30512.428571428572,9636.806764641879,0.21523593395414342,35431.7,12079.161974703005,-0.24698152548125873,23,0.5877852522923983,-0.8090169943750019,2,29255.708333333332
Banten,2001,561723,1054,0.18763696697482568,56287349,513,618476,1984376.3399999999,540702,14410.5,14240.5,14297.0,14513.5,14205.5,13514.5,15178.666666666668,4017.0082175396165,0.0633849853059043,17240.6,5139.581227977338,0.05911762543411603,17640.071428571428,6234.743617288343,0.041157114531337746,16975.1,7256.98049774816,0.1856132422614606,0,0.5877852522924594,0.8090169943749574,3,2159.9166666666665
Banten,2002,561723,1761,0.31349971427198103,56287349,513,1042788,3315452.31,903393,1054.0,14240.5,14297.0,14513.5,14205.5,13514.5,15178.666666666668,4017.0082175396165,0.0633849853059043,17240.6,5139.581227977338,0.05911762543411603,17640.071428571428,6234.743617288343,0.041157114531337746,16975.1,7256.98049774816,0.1856132422614606,1,0.9510565162951407,0.3090169943749873,3,2159.9166666666665
Banten,2003,561723,293,0.052160940534747555,56287349,513,164982,551634.03,150309,1761.0,1054.0,14297.0,14513.5,14205.5,13514.5,15178.666666666668,4017.0082175396165,0.0633849853059043,17240.6,5139.581227977338,0.05911762543411603,17640.071428571428,6234.743617288343,0.041157114531337746,16975.1,7256.98049774816,0.1856132422614606,2,0.9510565162951742,-0.3090169943748839,3,2159.9166666666665
Banten,2004,561723,1404,0.2499452577159917,56287349,513,827685,2643324.84,720252,293.0,1761.0,1054.0,14513.5,14205.5,13514.5,1036.0,734.1655126740025,0.3320683111954459,17240.6,5139.581227977338,0.05911762543411603,17640.071428571428,6234.743617288343,0.041157114531337746,16975.1,7256.98049774816,0.1856132422614606,3,0.5877852522925473,-0.8090169943748935,3,2159.9166666666665
Banten,2005,561723,545,0.09702290986838709,56287349,513,311460,1026076.95,279585,1404.0,293.0,1761.0,14513.5,14205.5,13514.5,1152.6666666666667,765.592798642473,-0.6905167518455423,17240.6,5139.581227977338,0.05911762543411603,17640.071428571428,6234.743617288343,0.041157114531337746,16975.1,7256.98049774816,0.1856132422614606,4,-1.1076377890021368e-13,-1.0,3,2159.9166666666665
Banten,2006,561723,1938,0.3450099070182278,56287349,513,1089522,3648691.98,994194,545.0,1404.0,293.0,1054.0,14205.5,13514.5,747.3333333333334,582.4811871066861,5.614334470989761,1011.4,602.3863378273727,0.8387096774193548,17640.071428571428,6234.743617288343,0.041157114531337746,16975.1,7256.98049774816,0.1856132422614606,5,-0.5877852522923587,-0.8090169943750306,3,2159.9166666666665
Banten,2007,561723,1060,0.1887051091018171,56287349,513,605411,1995672.5999999999,543780,1938.0,545.0,1404.0,1761.0,14205.5,13514.5,1295.6666666666667,702.7903907519043,-0.24501424501424507,1188.2,733.4778115260667,-0.3980692788188529,17640.071428571428,6234.743617288343,0.041157114531337746,16975.1,7256.98049774816,0.1856132422614606,6,-0.9510565162951724,-0.30901699437488944,3,2159.9166666666665
Banten,2008,561723,930,0.1655620296836697,56287349,513,562003,1750920.3,477090,1060.0,1938.0,545.0,293.0,1054.0,13514.5,1181.0,704.3386969348489,0.7064220183486238,1048.0,659.9268898908973,2.174061433447099,1150.7142857142858,602.2966362971736,-0.11764705882352944,16975.1,7256.98049774816,0.1856132422614606,7,-0.9510565162951424,0.30901699437498176,3,2159.9166666666665
Banten,2009,561723,2754,0.4902772362890606,56287349,513,1701980,5184983.34,1412802,930.0,1060.0,1938.0,1404.0,1761.0,13514.5,1309.3333333333333,548.3076995020353,0.42105263157894735,1175.4,525.5376294815326,0.9615384615384615,1133.0,607.4169353360053,0.5638841567291313,16975.1,7256.98049774816,0.1856132422614606,8,-0.587785252292464,0.809016994374954,3,2159.9166666666665
Banten,2010,561723,1633,0.2907126822294975,56287349,513,983311,3074465.43,837729,2754.0,930.0,1060.0,545.0,293.0,13514.5,1581.3333333333333,1017.6371324461456,0.540566037735849,1445.4,891.6248089869755,1.996330275229358,1274.857142857143,847.1643737729585,4.573378839590443,16975.1,7256.98049774816,0.1856132422614606,9,-1.3703664537718588e-14,1.0,3,2159.9166666666665
Banten,2011,561723,2329,0.4146171689605019,56287349,513,1374312,4384831.59,1194777,1633.0,2754.0,930.0,1938.0,1404.0,1054.0,1772.3333333333333,919.9480057770735,1.5043010752688173,1663.0,736.1562334185958,0.20175438596491224,1466.2857142857142,731.8735579057077,0.6588319088319088,1337.2,721.1593752038023,1.2096774193548385,10,0.5877852522924419,0.8090169943749701,3,2159.9166666666665
Banten,2012,561723,3286,0.584985838215633,56287349,513,2150205,6186585.06,1685718,2329.0,1633.0,2754.0,1060.0,545.0,1761.0,2238.6666666666665,565.9331527072915,0.19317356572258526,1741.2,791.3688773265295,2.1,1598.4285714285713,799.165993842294,5.029357798165138,1464.7,776.1400288893356,0.8659852356615558,11,0.951056516295134,0.3090169943750078,3,2159.9166666666665
Banten,2013,561723,1830,0.3257833487323823,56287349,513,1100213,3445359.3,938790,3286.0,2329.0,1633.0,930.0,1938.0,293.0,2416.0,829.9271052326711,0.12063686466625834,2186.4,926.8787946657525,0.967741935483871,1990.0,865.7257071380402,-0.05572755417956654,1617.2,967.1445715207817,5.2457337883959045,12,0.9510565162951808,-0.30901699437486335,3,2159.9166666666665
Banten,2014,561723,2275,0.4050038898175791,56287349,513,1390639,4283165.25,1167075,1830.0,3286.0,2329.0,2754.0,1060.0,1404.0,2481.6666666666665,739.908327654997,-0.023185916702447407,2366.4,675.0735515490388,-0.17392883079157584,1974.5714285714287,867.7668383350135,1.1462264150943398,1770.9,848.1259667970613,0.6203703703703705,13,0.5877852522925647,-0.8090169943748808,3,2159.9166666666665
Banten,2015,561723,2663,0.4740770806963574,56287349,513,1638703,5013656.7299999995,1366119,2275.0,1830.0,3286.0,1633.0,930.0,545.0,2463.6666666666665,746.1101348549115,-0.18959220937309795,2270.6,639.360852727969,0.6307409675443969,2148.1428571428573,770.3941477301111,1.8634408602150536,1858.0,850.9795662776613,3.8862385321100916,14,1.3817110797565086e-13,-1.0,3,2159.9166666666665
Banten,2016,561723,1969,0.35052864134101686,56287349,513,1155343,3707055.9899999998,1010097,2663.0,2275.0,1830.0,2329.0,2754.0,1938.0,2256.0,416.8249032865969,0.07595628415300548,2476.6,540.9235620686434,-0.15457277801631597,2395.714285714286,564.683898089514,-0.285039941902687,2069.8,744.8310472105627,0.015995872033023772,15,-0.5877852522925252,-0.8090169943749096,3,2159.9166666666665
Banten,2017,561723,3495,0.6221927889725006,56287349,513,2099270,6580071.45,1792935,1969.0,2663.0,2275.0,3286.0,1633.0,1060.0,2302.3333333333335,347.8064595909832,0.5362637362637364,2404.6,587.440465069467,0.06360316494217888,2283.5714285714284,559.5968361662543,1.1402327005511328,2072.9,744.285854583592,2.297169811320755,16,-0.9510565162950955,-0.3090169943751262,3,2159.9166666666665
Banten,2018,561723,3401,0.6054585623163018,56287349,513,2117123,6403096.71,1744713,3495.0,1969.0,2663.0,1830.0,2329.0,930.0,2709.0,764.0392660065849,0.2771310552009012,2446.4,667.7790053610778,0.8584699453551912,2549.5714285714284,636.1231162654636,0.4602833834263633,2316.4,773.8168316137762,2.656989247311828,17,-0.9510565162951491,0.3090169943749612,3,2159.9166666666665
Banten,2019,561723,4715,0.8393816881274222,56287349,513,2857726,8876977.65,2418795,3401.0,3495.0,1969.0,2275.0,3286.0,2754.0,2955.0,855.1935453450762,1.3946165566277298,2760.6,674.7998221702645,1.0725274725274727,2702.714285714286,700.0030272041009,0.4348752282410224,2563.5,669.3944610200617,0.7120551924473493,18,-0.5877852522924816,0.8090169943749413,3,2159.9166666666665
Banten,2020,561723,2042,0.3635243705527457,56287349,513,1271610,3844493.82,1047546,4715.0,3401.0,3495.0,2663.0,1830.0,1633.0,3870.3333333333335,733.0111413431682,-0.41573676680972815,3248.6,1026.4710419690396,-0.2331956440105144,2906.8571428571427,1029.350673737322,0.11584699453551917,2759.6,956.8995303118323,0.25045927740355167,19,-3.5264875970351066e-14,1.0,3,2159.9166666666665
Banten,2021,561723,1915,0.3409153621980941,56287349,513,1181129,3605389.65,982395,2042.0,4715.0,3401.0,1969.0,2275.0,2329.0,3386.0,1336.5631298221124,-0.43693031461334897,3124.4,1145.6874792023389,-0.027425088877602866,2937.1428571428573,994.9298850623323,-0.15824175824175823,2800.5,911.0375342919649,-0.17775869471876338,20,0.5877852522924245,0.8090169943749828,3,2159.9166666666665
Banten,2022,561723,1546,0.2752246213881219,56287349,513,929614,2910669.66,793098,1915.0,2042.0,4715.0,3495.0,2663.0,3286.0,2890.6666666666665,1581.194590597,-0.6721102863202545,3113.6,1159.4735012069098,-0.557653791130186,2885.714285714286,1043.0037894281948,-0.4194517461509576,2759.1,943.6667785234273,-0.5295191722458916,21,0.9510565162951273,0.30901699437502833,3,2159.9166666666665
Banten,2023,561723,3744,0.6665206872426446,56287349,513,2388259,7048866.24,1920672,1546.0,1915.0,2042.0,3401.0,1969.0,1830.0,1834.3333333333333,257.6515735120079,0.8334965719882468,2723.8,1316.216053693702,0.10085269038518074,2726.1428571428573,1161.4741249191952,0.9014728288471305,2585.1,994.7523924183931,1.0459016393442622,22,0.9510565162951875,-0.30901699437484287,3,2159.9166666666665
Banten,2024,561723,3256,0.5796451275806759,56287349,513,2153062,6130103.76,1670328,3744.0,1546.0,1915.0,4715.0,3495.0,2275.0,2401.6666666666665,1177.044745680135,0.7002610966057441,2792.4,1368.2449707567062,-0.3094379639448568,2979.714285714286,1162.3834298951908,-0.06838340486409156,2776.5,1017.2033829191273,0.4312087912087912,23,0.5877852522923983,-0.8090169943750019,3,2159.9166666666665
Bengkulu,2001,1795200,14198,0.7908868092691623,231746921,499,10135589,26001223.34,7084802,14410.5,14240.5,14297.0,14513.5,14205.5,13514.5,15178.666666666668,4017.0082175396165,0.0633849853059043,17240.6,5139.581227977338,0.05911762543411603,17640.071428571428,6234.743617288343,0.041157114531337746,16975.1,7256.98049774816,0.1856132422614606,0,0.5877852522924594,0.8090169943749574,4,19871.458333333332
Bengkulu,2002,1795200,10421,0.5804924242424242,231746921,499,7523117,19084289.93,5200079,14198.0,14240.5,14297.0,14513.5,14205.5,13514.5,15178.666666666668,4017.0082175396165,0.0633849853059043,17240.6,5139.581227977338,0.05911762543411603,17640.071428571428,6234.743617288343,0.041157114531337746,16975.1,7256.98049774816,0.1856132422614606,1,0.9510565162951407,0.3090169943749873,4,19871.458333333332
Bengkulu,2003,1795200,8104,0.45142602495543677,231746921,499,5800440,14841098.32,4043896,10421.0,14198.0,14297.0,14513.5,14205.5,13514.5,15178.666666666668,4017.0082175396165,0.0633849853059043,17240.6,5139.581227977338,0.05911762543411603,17640.071428571428,6234.743617288343,0.041157114531337746,16975.1,7256.98049774816,0.1856132422614606,2,0.9510565162951742,-0.3090169943748839,4,19871.458333333332
Bengkulu,2004,1795200,25985,1.4474710338680927,231746921,499,18343674,47587110.05,12966515,8104.0,10421.0,14198.0,14513.5,14205.5,13514.5,10907.666666666666,3076.0107823824696,0.8301873503310326,17240.6,5139.581227977338,0.05911762543411603,17640.071428571428,6234.743617288343,0.041157114531337746,16975.1,7256.98049774816,0.1856132422614606,3,0.5877852522925473,-0.8090169943748935,4,19871.458333333332
Bengkulu,2005,1795200,13142,0.7320632798573975,231746921,499,9223426,24067338.86,6557858,25985.0,8104.0,10421.0,14513.5,14205.5,13514.5,14836.666666666666,9723.997343342562,0.26110737933019856,17240.6,5139.581227977338,0.05911762543411603,17640.071428571428,6234.743617288343,0.041157114531337746,16975.1,7256.98049774816,0.1856132422614606,4,-1.1076377890021368e-13,-1.0,4,19871.458333333332
Bengkulu,2006,1795200,23589,1.3140040106951871,231746921,499,15951261,43199243.37,11770911,13142.0,25985.0,8104.0,14198.0,14205.5,13514.5,15743.666666666666,9220.034833629057,1.9107847976307997,14370.0,6915.6190973766525,0.661431187491196,17640.071428571428,6234.743617288343,0.041157114531337746,16975.1,7256.98049774816,0.1856132422614606,5,-0.5877852522923587,-0.8090169943750306,4,19871.458333333332
Bengkulu,2007,1795200,17580,0.9792780748663101,231746921,499,12489087,32194781.4,8772420,23589.0,13142.0,25985.0,10421.0,14205.5,13514.5,20905.333333333332,6829.144333906936,-0.32345583990763904,16248.2,8040.916471398059,0.6869782170617023,17640.071428571428,6234.743617288343,0.041157114531337746,16975.1,7256.98049774816,0.1856132422614606,6,-0.9510565162951724,-0.30901699437488944,4,19871.458333333332
Bengkulu,2008,1795200,22353,1.245153743315508,231746921,499,15627311,40935719.49,11154147,17580.0,23589.0,13142.0,8104.0,14198.0,13514.5,18103.666666666668,5243.150039178089,0.7008826662608432,17680.0,7351.743432683201,1.7582675222112538,16145.57142857143,6639.88747036028,0.5743766727708128,16975.1,7256.98049774816,0.1856132422614606,7,-0.9510565162951424,0.30901699437498176,4,19871.458333333332
Bengkulu,2009,1795200,18756,1.0447860962566846,231746921,499,13382843,34348425.48,9359244,22353.0,17580.0,23589.0,25985.0,10421.0,13514.5,21174.0,3173.2555837814034,-0.20488363220144978,20529.8,5141.08156908646,-0.2781989609390033,17310.571428571428,6949.426759504277,0.7998272718549084,16975.1,7256.98049774816,0.1856132422614606,8,-0.587785252292464,0.809016994374954,4,19871.458333333332
Bengkulu,2010,1795200,16012,0.891934046345811,231746921,499,11253547,29323255.96,7989988,18756.0,22353.0,17580.0,13142.0,8104.0,13514.5,19563.0,2486.7285738495575,-0.0891922639362912,19084.0,4143.01671490721,0.21838380763962872,18501.285714285714,6251.2086755092205,0.9758144126357355,16975.1,7256.98049774816,0.1856132422614606,9,-1.3703664537718588e-14,1.0,4,19871.458333333332
Bengkulu,2011,1795200,24563,1.3682598039215688,231746921,499,18100728,44982958.79,12256937,16012.0,18756.0,22353.0,23589.0,25985.0,14198.0,19040.333333333332,3180.047850793001,0.09886816087326089,19658.0,3207.0543338086,0.041290431981008124,19631.0,4539.17892722166,-0.05472387916105448,17014.0,5796.083927005266,0.7300323989294266,10,0.5877852522924419,0.8090169943749701,4,19871.458333333332
Bengkulu,2012,1795200,27761,1.5464015151515151,231746921,499,20702595,50839552.13,13852739,24563.0,16012.0,18756.0,17580.0,13142.0,10421.0,19777.0,4365.974232631229,0.4801130304969077,19852.8,3519.847965466764,0.5791240045506256,19427.85714285714,4228.6189797841,1.1123877644194184,18050.5,6152.3755348826135,1.6639477977161499,11,0.951056516295134,0.3090169943750078,4,19871.458333333332
Bengkulu,2013,1795200,14153,0.7883801247771836,231746921,499,9464223,25918813.49,7062347,27761.0,24563.0,16012.0,22353.0,23589.0,8104.0,22778.666666666668,6074.342296358774,-0.11610042468148885,21889.0,4642.218596748807,-0.36684113989173717,21516.285714285714,4216.7492105604,-0.40001695705625506,19784.5,6206.470660170356,0.74642152023692,12,0.9510565162951808,-0.30901699437486335,4,19871.458333333332
Bengkulu,2014,1795200,20320,1.1319073083778965,231746921,499,13959398,37212625.6,10139680,14153.0,27761.0,24563.0,18756.0,17580.0,25985.0,22159.0,7115.39373471348,-0.17273948621911006,20249.0,5752.894358494731,0.0833866496054596,20168.285714285714,4897.073061679641,0.15585893060295786,20389.4,5145.6904773692695,-0.2180103906099673,13,0.5877852522925647,-0.8090169943748808,4,19871.458333333332
Bengkulu,2015,1795200,20197,1.125055704099822,231746921,499,14343184,36987372.01,10078303,20320.0,14153.0,27761.0,16012.0,22353.0,13142.0,20744.666666666668,6813.932222537379,-0.27246857101689426,20561.8,5693.635631123623,0.2613664751436422,20559.714285714286,4763.388629756665,-0.09645237775690063,19822.9,4758.478151911818,0.5368284888144879,14,1.3817110797565086e-13,-1.0,4,19871.458333333332
Bengkulu,2016,1795200,24378,1.3579545454545454,231746921,499,16964333,44644162.74,12164622,20197.0,20320.0,14153.0,24563.0,18756.0,23589.0,18223.333333333332,3525.548515243151,0.7224616689041192,21398.8,5138.080886868216,-0.00753165329967842,20251.714285714286,4697.3550612475965,0.299744081893794,20528.4,4140.803094408929,0.03344779346305482,15,-0.5877852522925252,-0.8090169943749096,4,19871.458333333332
Bengkulu,2017,1795200,27232,1.516934046345811,231746921,499,18982493,49870778.56,13588768,24378.0,20197.0,20320.0,27761.0,16012.0,17580.0,21631.666666666668,2379.1894277953547,0.34015748031496074,21361.8,5110.18900824622,-0.01905550952775481,21054.85714285714,4876.212171640707,0.7007244566575068,20607.3,4212.496595448661,0.549032992036405,16,-0.9510565162950955,-0.3090169943751262,4,19871.458333333332
Bengkulu,2018,1795200,24624,1.3716577540106951,231746921,499,17413860,45094669.92,12287376,27232.0,24378.0,20197.0,14153.0,24563.0,22353.0,23935.666666666668,3538.29766036341,0.2191909689557856,21256.0,4947.46515904867,0.7398431427965801,22657.714285714286,4785.521556886816,0.002483410006920872,21572.5,4535.197441493945,0.10159710106026032,17,-0.9510565162951491,0.3090169943749612,4,19871.458333333332
Bengkulu,2019,1795200,18200,1.013814616755793,231746921,499,12357843,33330206.0,9081800,24624.0,27232.0,24378.0,20320.0,27761.0,18756.0,25411.333333333332,1581.5338546275827,-0.25342521946016905,23350.2,3036.1197604838353,-0.10433070866141736,22666.428571428572,4789.62304909069,-0.344404020028097,21799.6,4634.398803153065,-0.029643847302196602,18,-0.5877852522924816,0.8090169943749413,4,19871.458333333332
Bengkulu,2020,1795200,16311,0.9085895721925135,231746921,499,11420715,29870823.63,8139189,18200.0,24624.0,27232.0,20197.0,14153.0,16012.0,23352.0,4648.41306254079,-0.40103554641598116,22926.2,3650.878688754316,-0.19240481259593012,21300.571428571428,4445.565200554459,0.1524765067476861,21744.0,4678.099994180912,0.018673494878840957,19,-3.5264875970351066e-14,1.0,4,19871.458333333332
Bengkulu,2021,1795200,14326,0.7980169340463459,231746921,499,9891659,26235633.58,7148674,16311.0,18200.0,24624.0,24378.0,20320.0,24563.0,19711.666666666668,4357.791221861505,-0.41820987654320985,22149.0,4653.165589144712,-0.4123389941750759,21608.85714285714,3909.8394011592086,-0.29498031496062993,21773.9,4638.178532570722,-0.4167650531286895,20,0.5877852522924245,0.8090169943749828,4,19871.458333333332
Bengkulu,2022,1795200,23800,1.3257575757575757,231746921,499,16676254,43585654.0,11876200,14326.0,16311.0,18200.0,27232.0,20197.0,27761.0,16279.0,1937.1982345645101,0.3076923076923077,20138.6,5536.924850492421,-0.12602820211515864,20752.571428571428,4795.264047548805,0.1783928306184086,20750.2,5064.328622828487,-0.14268218003674216,21,0.9510565162951273,0.30901699437502833,4,19871.458333333332
Bengkulu,2023,1795200,29912,1.6662210338680927,231746921,499,19303155,54778742.96,14926088,23800.0,14326.0,16311.0,24624.0,24378.0,14153.0,18145.666666666668,4996.365712528776,0.8338544540494146,19452.2,4565.193007968069,0.21474983755685506,21267.285714285714,4917.502574623467,0.22700795799491336,20354.1,4587.517252768029,1.1134741750865542,22,0.9510565162951875,-0.30901699437484287,4,19871.458333333332
Bengkulu,2024,1795200,20998,1.169674688057041,231746921,499,15097704,38454267.339999996,10478002,29912.0,23800.0,14326.0,18200.0,27232.0,20320.0,22679.333333333332,7853.201215640231,0.4657266508446183,20509.8,6333.073124479182,0.1537362637362638,22057.85714285714,5856.200543827343,-0.2289218566392479,21930.0,4915.655647463961,0.03336614173228347,23,0.5877852522923983,-0.8090169943750019,4,19871.458333333332
Gorontalo,2001,1002909,3499,0.3488850932636959,147238658,427,2403487,5483247.91,1494073,14410.5,14240.5,14297.0,14513.5,14205.5,13514.5,15178.666666666668,4017.0082175396165,0.0633849853059043,17240.6,5139.581227977338,0.05911762543411603,17640.071428571428,6234.743617288343,0.041157114531337746,16975.1,7256.98049774816,0.1856132422614606,0,0.5877852522924594,0.8090169943749574,5,6036.458333333333
Gorontalo,2002,1002909,8013,0.7989757794575579,147238658,427,5583349,12557092.17,3421551,3499.0,14240.5,14297.0,14513.5,14205.5,13514.5,15178.666666666668,4017.0082175396165,0.0633849853059043,17240.6,5139.581227977338,0.05911762543411603,17640.071428571428,6234.743617288343,0.041157114531337746,16975.1,7256.98049774816,0.1856132422614606,1,0.9510565162951407,0.3090169943749873,5,6036.458333333333
Gorontalo,2003,1002909,2806,0.27978610222861694,147238658,427,2069612,4397254.54,1198162,8013.0,3499.0,14297.0,14513.5,14205.5,13514.5,15178.666666666668,4017.0082175396165,0.0633849853059043,17240.6,5139.581227977338,0.05911762543411603,17640.071428571428,6234.743617288343,0.041157114531337746,16975.1,7256.98049774816,0.1856132422614606,2,0.9510565162951742,-0.3090169943748839,5,6036.458333333333
Gorontalo,2004,1002909,6949,0.6928843992824872,147238658,427,4742109,10889708.41,2967223,2806.0,8013.0,3499.0,14513.5,14205.5,13514.5,4772.666666666667,2827.5222958154045,0.9859959988568163,17240.6,5139.581227977338,0.05911762543411603,17640.071428571428,6234.743617288343,0.041157114531337746,16975.1,7256.98049774816,0.1856132422614606,3,0.5877852522925473,-0.8090169943748935,5,6036.458333333333
Gorontalo,2005,1002909,4241,0.42286987154367944,147238658,427,3057098,6646028.6899999995,1810907,6949.0,2806.0,8013.0,14513.5,14205.5,13514.5,5922.666666666667,2751.0420449955345,-0.47073505553475603,17240.6,5139.581227977338,0.05911762543411603,17640.071428571428,6234.743617288343,0.041157114531337746,16975.1,7256.98049774816,0.1856132422614606,4,-1.1076377890021368e-13,-1.0,5,6036.458333333333
Gorontalo,2006,1002909,5250,0.5234772048112042,147238658,427,3664754,8227222.5,2241750,4241.0,6949.0,2806.0,3499.0,14205.5,13514.5,4665.333333333333,2103.8432292671464,0.8709907341411263,5101.6,2262.0717937326785,0.5004286939125464,17640.071428571428,6234.743617288343,0.041157114531337746,16975.1,7256.98049774816,0.1856132422614606,5,-0.5877852522923587,-0.8090169943750306,5,6036.458333333333
Gorontalo,2007,1002909,4329,0.4316443465957529,147238658,427,2950708,6783932.609999999,1848483,5250.0,4241.0,6949.0,8013.0,14205.5,13514.5,5480.0,1368.572614076389,-0.37703266657072965,5451.8,2080.1665077586863,-0.4597529015350056,17640.071428571428,6234.743617288343,0.041157114531337746,16975.1,7256.98049774816,0.1856132422614606,6,-0.9510565162951724,-0.30901699437488944,5,6036.458333333333
Gorontalo,2008,1002909,1794,0.1788796391297715,147238658,427,1193144,2811359.46,766038,4329.0,5250.0,4241.0,2806.0,3499.0,13514.5,4606.666666666667,558.8777445320346,-0.5769865597736383,4715.0,1524.3797099151475,-0.360655737704918,5012.428571428572,1872.2156087679232,-0.48728208059445555,16975.1,7256.98049774816,0.1856132422614606,7,-0.9510565162951424,0.30901699437498176,5,6036.458333333333
Gorontalo,2009,1002909,11263,1.1230330967216369,147238658,427,7295806,17650134.669999998,4809301,1794.0,4329.0,5250.0,6949.0,8013.0,13514.5,3791.0,1789.7114292532974,1.1453333333333333,4512.6,1869.3625384074098,0.620808749460354,4768.857142857143,2186.4611764653946,0.4055909147635093,16975.1,7256.98049774816,0.1856132422614606,8,-0.587785252292464,0.809016994374954,5,6036.458333333333
Gorontalo,2010,1002909,1570,0.15654461172449347,147238658,427,1039060,2460331.3,670390,11263.0,1794.0,4329.0,4241.0,2806.0,13514.5,5795.333333333333,4901.845604803686,-0.6373296373296373,5375.4,3531.5648514505533,-0.6298042914406979,5233.142857142857,3131.138633605529,-0.44048467569493943,16975.1,7256.98049774816,0.1856132422614606,9,-1.3703664537718588e-14,1.0,5,6036.458333333333
Gorontalo,2011,1002909,2979,0.2970359225014433,147238658,427,2003805,4668361.11,1272033,1570.0,11263.0,1794.0,5250.0,6949.0,3499.0,4875.666666666667,5532.726663529766,0.6605351170568561,4841.2,3926.039951401537,-0.4325714285714286,5056.571428571428,3319.978055004919,-0.5713052237732048,4971.4,3023.841456749211,-0.14861388968276645,10,0.5877852522924419,0.8090169943749701,5,6036.458333333333
Gorontalo,2012,1002909,3927,0.39156094919878076,147238658,427,2873117,6153962.43,1676829,2979.0,1570.0,11263.0,4329.0,4241.0,8013.0,5270.666666666667,5237.114122618794,-0.651336233685519,4387.0,3997.634988340106,-0.0928620928620929,4489.428571428572,3281.6912741828087,-0.07403914171186043,4919.4,3056.272428229393,-0.5099213777611382,11,0.951056516295134,0.3090169943750078,5,6036.458333333333
Gorontalo,2013,1002909,5938,0.5920776461274153,147238658,427,4891935,9305380.42,2535526,3927.0,2979.0,1570.0,1794.0,5250.0,2806.0,2825.3333333333335,1185.9900224425235,2.7821656050955412,4306.6,4003.1318114697397,2.309921962095875,4444.571428571428,3287.7933256792344,0.13104761904761908,4510.8,2863.8002646056143,1.1161796151104775,12,0.9510565162951808,-0.30901699437486335,5,6036.458333333333
Gorontalo,2014,1002909,10353,1.0322970478876947,147238658,427,7987904,16224082.77,4420731,5938.0,3927.0,2979.0,11263.0,4329.0,6949.0,4281.333333333333,1510.987866706155,2.475327291037261,5135.4,3775.381344977084,-0.0807955251709136,4542.857142857143,3325.9460523070893,1.3915453915453915,4824.0,2827.6763526887567,0.48985465534609296,13,0.5877852522925647,-0.8090169943748808,5,6036.458333333333
Gorontalo,2015,1002909,13286,1.3247463129755541,147238658,427,9449726,20820357.74,5673122,10353.0,5938.0,3927.0,1570.0,1794.0,4241.0,6739.333333333333,3287.0914701804722,2.3832442067736186,4953.4,3410.434913614535,7.462420382165606,5403.428571428572,3977.005693447552,6.405797101449275,5164.4,3280.536480516508,2.1327517095024757,14,1.3817110797565086e-13,-1.0,5,6036.458333333333
Gorontalo,2016,1002909,10910,1.0878354865695692,147238658,427,7375405,17096951.9,4658570,13286.0,10353.0,5938.0,2979.0,11263.0,5250.0,9859.0,3698.8245430136158,0.8373189626136746,7296.6,4389.0819427302695,2.662302786169856,7045.142857142857,4566.906736824946,-0.03134156086300277,6068.9,4133.653118005869,1.078095238095238,15,-0.5877852522925252,-0.8090169943749096,5,6036.458333333333
Gorontalo,2017,1002909,7869,0.784617547554165,147238658,427,5219093,12331431.209999999,3360063,10910.0,13286.0,10353.0,3927.0,1570.0,4329.0,11516.333333333334,1557.6752977861652,-0.23993045494059695,8882.8,3837.023546969821,1.0038197097020625,6994.714285714285,4514.215019036552,4.012101910828026,6634.9,4388.696147807163,0.8177408177408176,16,-0.9510565162950955,-0.3090169943751262,5,6036.458333333333
Gorontalo,2018,1002909,8007,0.7983775197949166,147238658,427,5422524,12547689.629999999,3418989,7869.0,10910.0,13286.0,5938.0,2979.0,1794.0,10688.333333333334,2715.2945205508036,-0.39733554117115766,9671.2,2839.496557490578,0.3484338160996969,7894.571428571428,3828.347635605673,1.687814702920443,6988.9,4324.331070941582,3.4632107023411374,17,-0.9510565162951491,0.3090169943749612,5,6036.458333333333
Gorontalo,2019,1002909,10959,1.0927212738144736,147238658,427,7232751,17173739.31,4679493,8007.0,7869.0,10910.0,10353.0,3927.0,11263.0,8928.666666666666,1717.2717703768437,0.0044912923923006165,10085.0,2248.7546553594575,0.05853375833091867,8612.857142857143,3166.905189011884,1.7906799083269673,7610.2,3922.6968840893264,-0.02699103258456892,18,-0.5877852522924816,0.8090169943749413,5,6036.458333333333
Gorontalo,2020,1002909,3030,0.30212112963389504,147238658,427,2153085,4748282.7,1293810,10959.0,8007.0,7869.0,13286.0,5938.0,1570.0,8945.0,1745.539458161827,-0.614944719786504,10206.2,2282.881665790154,-0.7719403883787446,9617.42857142857,2471.798053856246,-0.4897271808689795,7579.8,3892.3033683297062,0.9299363057324841,19,-3.5264875970351066e-14,1.0,5,6036.458333333333
Gorontalo,2021,1002909,2199,0.2192621663580644,147238658,427,1505559,3446030.91,938973,3030.0,10959.0,8007.0,10910.0,10353.0,2979.0,7332.0,4007.3655935040274,-0.725365305357812,8155.0,3233.487513506259,-0.7984417965169569,9202.0,3299.158175454244,-0.7875977977397856,7725.8,3662.422598347787,-0.2618328298086606,20,0.5877852522924245,0.8090169943749828,5,6036.458333333333
Gorontalo,2022,1002909,2819,0.28108233149767325,147238658,427,1956899,4417626.71,1203713,2199.0,3030.0,10959.0,7869.0,13286.0,3927.0,5396.0,4835.583418782048,-0.7427685007756182,6412.8,3692.200319592768,-0.6417588003558267,8037.142857142857,4153.8261650583945,-0.787821767273822,7647.8,3781.131835251876,-0.2821492233256939,21,0.9510565162951273,0.30901699437502833,5,6036.458333333333
Gorontalo,2023,1002909,8242,0.8218093565817038,147238658,427,5633273,12915955.78,3519334,2819.0,2199.0,3030.0,8007.0,10910.0,5938.0,2682.6666666666665,431.94945691969315,1.72013201320132,5402.8,3880.198216586489,0.029349319345572722,6541.857142857143,3819.9692157822096,-0.24454628780934917,7537.0,3916.103675849206,0.3880094307847761,22,0.9510565162951875,-0.30901699437484287,5,6036.458333333333
Gorontalo,2024,1002909,4643,0.4629532689406517,147238658,427,3435632,7275998.87,1982561,8242.0,2819.0,2199.0,10959.0,7869.0,10353.0,4420.0,3324.434237580868,1.111414279217826,5449.8,3920.838775058338,-0.5763299571128753,6160.714285714285,3424.0792783990632,-0.40996314652433596,7767.4,3879.177954154677,-0.5515309572104704,23,0.5877852522923983,-0.8090169943750019,5,6036.458333333333
Jakarta Raya,2001,1302,4,0.30721966205837176,51609,90,1002,1321.2,360,14410.5,14240.5,14297.0,14513.5,14205.5,13514.5,15178.666666666668,4017.0082175396165,0.0633849853059043,17240.6,5139.581227977338,0.05911762543411603,17640.071428571428,6234.743617288343,0.041157114531337746,16975.1,7256.98049774816,0.1856132422614606,0,0.5877852522924594,0.8090169943749574,6,0.9166666666666666
Jakarta Raya,2002,1302,0,0.0,51609,90,20,0.0,0,4.0,14240.5,14297.0,14513.5,14205.5,13514.5,15178.666666666668,4017.0082175396165,0.0633849853059043,17240.6,5139.581227977338,0.05911762543411603,17640.071428571428,6234.743617288343,0.041157114531337746,16975.1,7256.98049774816,0.1856132422614606,1,0.9510565162951407,0.3090169943749873,6,0.9166666666666666
Jakarta Raya,2003,1302,0,0.0,51609,90,121,0.0,0,0.0,4.0,14297.0,14513.5,14205.5,13514.5,15178.666666666668,4017.0082175396165,0.0633849853059043,17240.6,5139.581227977338,0.05911762543411603,17640.071428571428,6234.743617288343,0.041157114531337746,16975.1,7256.98049774816,0.1856132422614606,2,0.9510565162951742,-0.3090169943748839,6,0.9166666666666666
Jakarta Raya,2004,1302,1,0.07680491551459294,51609,90,673,330.3,90,0.0,0.0,4.0,14513.5,14205.5,13514.5,1.3333333333333333,2.3094010517554837,-0.75,17240.6,5139.581227977338,0.05911762543411603,17640.071428571428,6234.743617288343,0.041157114531337746,16975.1,7256.98049774816,0.1856132422614606,3,0.5877852522925473,-0.8090169943748935,6,0.9166666666666666
Jakarta Raya,2005,1302,0,0.0,51609,90,161,0.0,0,1.0,0.0,0.0,14513.5,14205.5,13514.5,0.3333333333333333,0.5773501691775407,0.0633849853059043,17240.6,5139.581227977338,0.05911762543411603,17640.071428571428,6234.743617288343,0.041157114531337746,16975.1,7256.98049774816,0.1856132422614606,4,-1.1076377890021368e-13,-1.0,6,0.9166666666666666
Jakarta Raya,2006,1302,4,0.30721966205837176,51609,90,1459,1321.2,360,0.0,1.0,0.0,4.0,14205.5,13514.5,0.3333333333333333,0.5773501691775407,0.0633849853059043,1.0,1.7320511343136558,0.0,17640.071428571428,6234.743617288343,0.041157114531337746,16975.1,7256.98049774816,0.1856132422614606,5,-0.5877852522923587,-0.8090169943750306,6,0.9166666666666666
Jakarta Raya,2007,1302,2,0.15360983102918588,51609,90,829,660.6,180,4.0,0.0,1.0,0.0,14205.5,13514.5,1.6666666666666667,2.0816659717277735,1.0,1.0,1.7320511343136558,0.05911762543411603,17640.071428571428,6234.743617288343,0.041157114531337746,16975.1,7256.98049774816,0.1856132422614606,6,-0.9510565162951724,-0.30901699437488944,6,0.9166666666666666
Jakarta Raya,2008,1302,2,0.15360983102918588,51609,90,120,660.6,180,2.0,4.0,0.0,0.0,4.0,13514.5,2.0,1.9999999711290002,0.0633849853059043,1.4,1.6733203912775934,0.05911762543411603,1.5714285714285714,1.8126539377734627,-0.5,16975.1,7256.98049774816,0.1856132422614606,7,-0.9510565162951424,0.30901699437498176,6,0.9166666666666666
Jakarta Raya,2009,1302,0,0.0,51609,90,38,0.0,0,2.0,2.0,4.0,1.0,0.0,13514.5,2.6666666666666665,1.1547004883732115,-1.0,1.8,1.4832400789668458,-1.0,1.2857142857142858,1.4960264872353473,0.041157114531337746,16975.1,7256.98049774816,0.1856132422614606,8,-0.587785252292464,0.809016994374954,6,0.9166666666666666
Jakarta Raya,2010,1302,2,0.15360983102918588,51609,90,694,660.6,180,0.0,2.0,2.0,0.0,0.0,13514.5,1.3333333333333333,1.1547004883732128,0.0,1.6,1.673320391275827,0.05911762543411603,1.2857142857142858,1.4960264872353473,0.041157114531337746,16975.1,7256.98049774816,0.1856132422614606,9,-1.3703664537718588e-14,1.0,6,0.9166666666666666
Jakarta Raya,2011,1302,4,0.30721966205837176,51609,90,900,1321.2,360,2.0,0.0,2.0,4.0,1.0,4.0,1.3333333333333333,1.1547004883732128,1.0,2.0,1.4142139625416175,0.0,1.5714285714285714,1.397276266452811,3.0,1.5,1.5811387007611466,0.0,10,0.5877852522924419,0.8090169943749701,6,0.9166666666666666
Jakarta Raya,2012,1302,1,0.07680491551459294,51609,90,265,330.3,90,4.0,2.0,0.0,2.0,0.0,0.0,2.0,1.9999999711290002,0.0633849853059043,2.0,1.4142139625416175,-0.5,2.0,1.6329931656541956,0.041157114531337746,1.5,1.5811387007611466,0.1856132422614606,11,0.951056516295134,0.3090169943750078,6,0.9166666666666666
Jakarta Raya,2013,1302,0,0.0,51609,90,128,0.0,0,1.0,4.0,2.0,2.0,4.0,0.0,2.3333333333333335,1.5275251938509344,-1.0,1.8,1.483240078966846,-1.0,2.142857142857143,1.4638501136599393,-1.0,1.6,1.5055451696021358,0.1856132422614606,12,0.9510565162951808,-0.30901699437486335,6,0.9166666666666666
Jakarta Raya,2014,1302,0,0.0,51609,90,0,0.0,0,0.0,1.0,4.0,0.0,2.0,1.0,1.6666666666666667,2.081665971727774,-1.0,1.4,1.6733203912775936,0.05911762543411603,1.5714285714285714,1.397276266452811,-1.0,1.6,1.5055451696021358,-1.0,13,0.5877852522925647,-0.8090169943748808,6,0.9166666666666666
Jakarta Raya,2015,1302,0,0.0,51609,90,59,0.0,0,0.0,0.0,1.0,2.0,2.0,0.0,0.3333333333333333,0.5773501691775442,-1.0,1.4,1.6733203912775936,-1.0,1.2857142857142858,1.4960264872353473,-1.0,1.5,1.5811387007611466,0.1856132422614606,14,1.3817110797565086e-13,-1.0,6,0.9166666666666666
Jakarta Raya,2016,1302,0,0.0,51609,90,0,0.0,0,0.0,0.0,0.0,4.0,0.0,4.0,0.0,0.0,0.0633849853059043,1.0,1.732051134313656,-1.0,1.0,1.5275252357165716,0.041157114531337746,1.5,1.5811387007611466,-1.0,15,-0.5877852522925252,-0.8090169943749096,6,0.9166666666666666
Jakarta Raya,2017,1302,1,0.07680491551459294,51609,90,459,330.3,90,0.0,0.0,0.0,1.0,2.0,2.0,0.0,0.0,0.0633849853059043,0.2,0.4472148610018109,0.0,1.0,1.5275252357165716,-0.5,1.1,1.370320170185925,-0.5,16,-0.9510565162950955,-0.3090169943751262,6,0.9166666666666666
Jakarta Raya,2018,1302,0,0.0,51609,90,0,0.0,0,1.0,0.0,0.0,0.0,4.0,2.0,0.3333333333333333,0.5773501691775442,0.0633849853059043,0.2,0.4472148610018109,0.05911762543411603,0.8571428571428571,1.4638501136647657,-1.0,1.0,1.3333331799731722,-1.0,17,-0.9510565162951491,0.3090169943749612,6,0.9166666666666666
Jakarta Raya,2019,1302,0,0.0,51609,90,0,0.0,0,0.0,1.0,0.0,0.0,1.0,0.0,0.3333333333333333,0.5773501691775442,0.0633849853059043,0.2,0.4472148610018109,0.05911762543411603,0.2857142857142857,0.4879500492065981,-1.0,0.8,1.3165610218941262,0.1856132422614606,18,-0.5877852522924816,0.8090169943749413,6,0.9166666666666666
Jakarta Raya,2020,1302,0,0.0,51609,90,45,0.0,0,0.0,0.0,1.0,0.0,0.0,2.0,0.3333333333333333,0.5773501691775442,-1.0,0.2,0.4472148610018109,0.05911762543411603,0.14285714285714285,0.37796448944867317,0.041157114531337746,0.8,1.3165610218941262,-1.0,19,-3.5264875970351066e-14,1.0,6,0.9166666666666666
Jakarta Raya,2021,1302,1,0.07680491551459294,51609,90,0,330.3,90,0.0,0.0,0.0,0.0,0.0,4.0,0.0,0.0,0.0633849853059043,0.2,0.4472148610018109,0.05911762543411603,0.14285714285714285,0.37796448944867317,0.041157114531337746,0.6,1.264910902409949,-0.75,20,0.5877852522924245,0.8090169943749828,6,0.9166666666666666
Jakarta Raya,2022,1302,0,0.0,51609,90,0,0.0,0,1.0,0.0,0.0,1.0,0.0,1.0,0.3333333333333333,0.5773501691775442,0.0633849853059043,0.4,0.5477235907781929,-1.0,0.2857142857142857,0.4879500492065981,0.041157114531337746,0.3,0.48304546821790306,-1.0,21,0.9510565162951273,0.30901699437502833,6,0.9166666666666666
Jakarta Raya,2023,1302,0,0.0,51609,90,156,0.0,0,0.0,1.0,0.0,0.0,0.0,0.0,0.3333333333333333,0.5773501691775442,0.0633849853059043,0.2,0.4472148610018109,0.05911762543411603,0.2857142857142857,0.4879500492065981,0.041157114531337746,0.2,0.4216365363785344,0.1856132422614606,22,0.9510565162951875,-0.30901699437484287,6,0.9166666666666666
Jakarta Raya,2024,1302,0,0.0,51609,90,282,0.0,0,0.0,0.0,1.0,0.0,1.0,0.0,0.3333333333333333,0.5773501691775442,-1.0,0.2,0.4472148610018109,0.05911762543411603,0.2857142857142857,0.4879500492065981,-1.0,0.2,0.4216365363785344,0.1856132422614606,23,0.5877852522923983,-0.8090169943750019,6,0.9166666666666666
Jambi,2001,4484184,46911,1.0461435123982423,491042919,608,33838923,104675328.96,28521888,14410.5,14240.5,14297.0,14513.5,14205.5,13514.5,15178.666666666668,4017.0082175396165,0.0633849853059043,17240.6,5139.581227977338,0.05911762543411603,17640.071428571428,6234.743617288343,0.041157114531337746,16975.1,7256.98049774816,0.1856132422614606,0,0.5877852522924594,0.8090169943749574,7,83582.125
Jambi,2002,4484184,45074,1.005177307621632,491042919,608,36485693,100576320.64,27404992,46911.0,14240.5,14297.0,14513.5,14205.5,13514.5,15178.666666666668,4017.0082175396165,0.0633849853059043,17240.6,5139.581227977338,0.05911762543411603,17640.071428571428,6234.743617288343,0.041157114531337746,16975.1,7256.98049774816,0.1856132422614606,1,0.9510565162951407,0.3090169943749873,7,83582.125
Jambi,2003,4484184,21497,0.4793960283520926,491042919,608,17595846,47967545.92,13070176,45074.0,46911.0,14297.0,14513.5,14205.5,13514.5,15178.666666666668,4017.0082175396165,0.0633849853059043,17240.6,5139.581227977338,0.05911762543411603,17640.071428571428,6234.743617288343,0.041157114531337746,16975.1,7256.98049774816,0.1856132422614606,2,0.9510565162951742,-0.3090169943748839,7,83582.125
Jambi,2004,4484184,97086,2.165076187774632,491042919,608,90868809,216633816.96,59028288,21497.0,45074.0,46911.0,14513.5,14205.5,13514.5,37827.333333333336,14172.278657059112,1.0695785636631068,17240.6,5139.581227977338,0.05911762543411603,17640.071428571428,6234.743617288343,0.041157114531337746,16975.1,7256.98049774816,0.1856132422614606,3,0.5877852522925473,-0.8090169943748935,7,83582.125
Jambi,2005,4484184,71003,1.5834096013901302,491042919,608,62426580,158433254.07999998,43169824,97086.0,21497.0,45074.0,14513.5,14205.5,13514.5,54552.333333333336,38675.61676732943,0.5752540267116297,17240.6,5139.581227977338,0.05911762543411603,17640.071428571428,6234.743617288343,0.041157114531337746,16975.1,7256.98049774816,0.1856132422614606,4,-1.1076377890021368e-13,-1.0,7,83582.125
Jambi,2006,4484184,119577,2.6666390139209275,491042919,608,84511396,266819334.72,72702816,71003.0,97086.0,21497.0,46911.0,14205.5,13514.5,63195.333333333336,38394.58261699603,4.5624970926175745,56314.2,28745.000447034257,1.5490183539042017,17640.071428571428,6234.743617288343,0.041157114531337746,16975.1,7256.98049774816,0.1856132422614606,5,-0.5877852522923587,-0.8090169943750306,7,83582.125
Jambi,2007,4484184,118972,2.653147150072343,491042919,608,94719368,265469361.92,72334976,119577.0,71003.0,97086.0,45074.0,14205.5,13514.5,95888.66666666667,24309.125330487186,0.2254290010918154,70847.4,39251.72730339391,1.6394817411367972,17640.071428571428,6234.743617288343,0.041157114531337746,16975.1,7256.98049774816,0.1856132422614606,6,-0.9510565162951724,-0.30901699437488944,7,83582.125
Jambi,2008,4484184,124204,2.7698238966108435,491042919,608,104494916,277143837.44,75516032,118972.0,119577.0,71003.0,21497.0,46911.0,13514.5,103184.0,27871.20515872969,0.7492781995126967,85627.0,40994.87310018167,4.777736428338838,74302.85714285714,38661.21973170086,1.6476519366459894,16975.1,7256.98049774816,0.1856132422614606,7,-0.9510565162951424,0.30901699437498176,7,83582.125
Jambi,2009,4484184,125511,2.7989707826440666,491042919,608,99153690,280060224.96,76310688,124204.0,118972.0,119577.0,97086.0,45074.0,13514.5,120917.66666666667,2862.0790229016525,0.04962492787074435,106168.4,22294.062781377426,0.29278165749953655,85344.71428571429,40526.72250797113,1.78455428850335,16975.1,7256.98049774816,0.1856132422614606,8,-0.587785252292464,0.809016994374954,7,83582.125
Jambi,2010,4484184,36678,0.8179414582452459,491042919,608,27040260,81841822.08,22300224,125511.0,124204.0,118972.0,71003.0,21497.0,13514.5,122895.66666666667,3460.264777922878,-0.6917089735399926,111853.4,23011.687254523473,-0.48343027759390444,96835.71428571429,38561.18500821899,0.7061915616132484,16975.1,7256.98049774816,0.1856132422614606,9,-1.3703664537718588e-14,1.0,7,83582.125
Jambi,2011,4484184,48905,1.090610911595064,491042919,608,35827156,109124660.8,29734240,36678.0,125511.0,124204.0,119577.0,97086.0,46911.0,95464.33333333333,50914.652137997895,-0.6062526166629094,104988.4,38291.955621252855,-0.5910166670848073,99004.42857142857,33743.87697966915,-0.49627134705312814,80651.3,40951.38042456907,0.04250602204173859,10,0.5877852522924419,0.8090169943749701,7,83582.125
Jambi,2012,4484184,152388,3.3983440465422468,491042919,608,122705274,340032487.68,92651904,48905.0,36678.0,125511.0,118972.0,71003.0,45074.0,70364.66666666667,48147.829051093606,0.21414059325477441,90854.0,44155.15159638792,0.280872810409172,92121.42857142857,38743.89834480236,1.146219173837725,80850.7,40773.30573372186,2.3808403957935838,11,0.951056516295134,0.3090169943750078,7,83582.125
Jambi,2013,4484184,66707,1.4876062177644807,491042919,608,52585003,148847331.52,40557856,152388.0,48905.0,36678.0,124204.0,119577.0,21497.0,79323.66666666667,63570.216975666626,0.8187196684661104,97537.2,51408.15857137852,-0.46292389939132395,103747.85714285714,43294.32732444503,-0.4421418834725741,91582.1,44282.10789033323,2.1030841512769225,12,0.9510565162951808,-0.30901699437486335,7,83582.125
Jambi,2014,4484184,77432,1.7267801678075654,491042919,608,56982242,172778667.52,47078656,66707.0,152388.0,48905.0,125511.0,118972.0,97086.0,89333.33333333333,55327.62458603598,0.5833145895102749,86037.8,50372.108052969146,-0.383066026085363,96195.0,44662.692201284335,-0.3491577850250479,96103.1,38225.35612929084,-0.20243907463485977,13,0.5877852522925647,-0.8090169943748808,7,83582.125
Jambi,2015,4484184,60611,1.3516617516141174,491042919,608,42872357,135244960.96,36851488,77432.0,66707.0,152388.0,36678.0,124204.0,71003.0,98842.33333333333,46680.940653904276,-0.6022587080347535,76422.0,45285.221943808545,0.6525164949015758,90260.71428571429,43884.858169662875,-0.5120044443013108,94137.7,38671.86254184762,-0.14636001295719903,14,1.3817110797565086e-13,-1.0,7,83582.125
Jambi,2016,4484184,157246,3.5066803681561685,491042919,608,131627877,350872434.56,95605568,60611.0,77432.0,66707.0,48905.0,125511.0,119577.0,68250.0,8515.99360027939,1.3572638553675027,81208.6,41106.11205526495,2.215335855229527,81176.0,42238.44878780467,0.25284636406370753,93098.5,39493.51912304377,0.31501877451349336,15,-0.5877852522925252,-0.8090169943749096,7,83582.125
Jambi,2017,4484184,86203,1.9223787427099335,491042919,608,58454834,192349926.07999998,52411424,157246.0,60611.0,77432.0,152388.0,36678.0,118972.0,98429.66666666667,51626.130111924256,0.11327358198160975,102876.8,47826.40212999508,-0.4343189752473948,85709.57142857143,48958.65453236073,1.3502644637112167,96865.4,43855.23902872573,-0.27543455602999023,16,-0.9510565162950955,-0.3090169943751262,7,83582.125
Jambi,2018,4484184,69978,1.5605514849524462,491042919,608,45538792,156146110.07999998,42546624,86203.0,157246.0,60611.0,66707.0,48905.0,124204.0,101353.33333333333,50067.257327851825,0.1545429047532627,89639.8,39051.32775847703,0.04903533362315793,92784.57142857143,44021.69582852352,0.4308966363357529,93588.5,43239.824990009714,-0.4365881936169528,17,-0.9510565162951491,0.3090169943749612,7,83582.125
Jambi,2019,4484184,67673,1.5091485987194102,491042919,608,44214471,151002825.28,41145184,69978.0,86203.0,157246.0,77432.0,152388.0,125511.0,104475.66666666667,46414.908341322116,-0.5696361115704056,90294.0,38595.848138109344,-0.12603316458311808,95795.0,41147.58472458213,-0.5559164763629683,88165.9,42365.13654317927,-0.4608201671566635,18,-0.5877852522924816,0.8090169943749413,7,83582.125
Jambi,2020,4484184,78387,1.7480772421470663,491042919,608,57069177,174909616.32,47659296,67673.0,69978.0,86203.0,60611.0,66707.0,36678.0,74618.0,10098.882363905412,-0.09066969827036186,88342.2,39641.483810523525,0.2932800976720398,83692.85714285714,33470.35647369457,0.17509406808880623,82382.1,40612.0154372789,1.1371666939309666,19,-3.5264875970351066e-14,1.0,7,83582.125
Jambi,2021,4484184,73131,1.630865281174903,491042919,608,44299867,163181588.16,44463648,78387.0,67673.0,69978.0,157246.0,77432.0,48905.0,72012.66666666667,5639.357262430983,0.045057017919917675,91897.4,37258.147676716275,-0.5349261666433487,85361.42857142857,32766.172693074466,-0.05554551089988635,86553.0,37412.3481991946,0.49536857172068305,20,0.5877852522924245,0.8090169943749828,7,83582.125
Jambi,2022,4484184,75657,1.6871966003179175,491042919,608,48864898,168818003.52,45999456,73131.0,78387.0,67673.0,86203.0,60611.0,152388.0,73063.66666666667,5357.317363506951,0.11797910540392764,75074.4,7405.232528422001,-0.12233912972866379,84747.0,32979.27967173729,0.24823876854036397,88975.6,35435.76732373978,-0.5035238995196472,21,0.9510565162951273,0.30901699437502833,7,83582.125
Jambi,2023,4484184,93816,2.092153221188069,491042919,608,58454785,209337269.76,57040128,75657.0,73131.0,78387.0,69978.0,157246.0,66707.0,75725.0,2628.659734541485,0.19683110719889774,72965.2,4289.520276207985,0.3406499185458287,86896.42857142857,31605.74480405493,-0.4033806901288427,81302.5,27625.9347725205,0.40638913457358306,22,0.9510565162951875,-0.30901699437484287,7,83582.125
Jambi,2024,4484184,91324,2.0365801224927433,491042919,608,56569960,203776720.64,55524992,93816.0,75657.0,73131.0,67673.0,86203.0,77432.0,80868.0,11284.201212314485,0.2487727502700634,77732.8,9820.671881291992,0.3494894566518405,77835.0,9287.899672871765,0.05940628516408952,84013.4,27363.39753596239,0.17940902985845653,23,0.5877852522923983,-0.8090169943750019,7,83582.125
Jawa Barat,2001,2007190,6798,0.3386824366402782,204189664,478,4752443,11925459.48,3249444,14410.5,14240.5,14297.0,14513.5,14205.5,13514.5,15178.666666666668,4017.0082175396165,0.0633849853059043,17240.6,5139.581227977338,0.05911762543411603,17640.071428571428,6234.743617288343,0.041157114531337746,16975.1,7256.98049774816,0.1856132422614606,0,0.5877852522924594,0.8090169943749574,8,3996.5
Jawa Barat,2002,2007190,3851,0.1918602623568272,204189664,478,2561723,6755655.26,1840778,6798.0,14240.5,14297.0,14513.5,14205.5,13514.5,15178.666666666668,4017.0082175396165,0.0633849853059043,17240.6,5139.581227977338,0.05911762543411603,17640.071428571428,6234.743617288343,0.041157114531337746,16975.1,7256.98049774816,0.1856132422614606,1,0.9510565162951407,0.3090169943749873,8,3996.5
Jawa Barat,2003,2007190,1979,0.09859554900134018,204189664,478,1392664,3471680.54,945962,3851.0,6798.0,14297.0,14513.5,14205.5,13514.5,15178.666666666668,4017.0082175396165,0.0633849853059043,17240.6,5139.581227977338,0.05911762543411603,17640.071428571428,6234.743617288343,0.041157114531337746,16975.1,7256.98049774816,0.1856132422614606,2,0.9510565162951742,-0.3090169943748839,8,3996.5
Jawa Barat,2004,2007190,3659,0.1822946507306234,204189664,478,2210110,6418837.34,1749002,1979.0,3851.0,6798.0,14513.5,14205.5,13514.5,4209.333333333333,2429.4016410081504,-0.461753456899088,17240.6,5139.581227977338,0.05911762543411603,17640.071428571428,6234.743617288343,0.041157114531337746,16975.1,7256.98049774816,0.1856132422614606,3,0.5877852522925473,-0.8090169943748935,8,3996.5
Jawa Barat,2005,2007190,2327,0.11593322007383455,204189664,478,1520971,4082163.02,1112306,3659.0,1979.0,3851.0,14513.5,14205.5,13514.5,3163.0,1029.8582426721457,-0.39574136587899245,17240.6,5139.581227977338,0.05911762543411603,17640.071428571428,6234.743617288343,0.041157114531337746,16975.1,7256.98049774816,0.1856132422614606,4,-1.1076377890021368e-13,-1.0,8,3996.5
Jawa Barat,2006,2007190,5244,0.2612607675406912,204189664,478,3236778,9199339.44,2506632,2327.0,3659.0,1979.0,6798.0,14205.5,13514.5,2655.0,886.7288198766065,1.649823143001516,3722.8,1901.7397824106865,-0.22859664607237418,17640.071428571428,6234.743617288343,0.041157114531337746,16975.1,7256.98049774816,0.1856132422614606,5,-0.5877852522923587,-0.8090169943750306,8,3996.5
Jawa Barat,2007,2007190,3055,0.15220283082319064,204189664,478,2036807,5359264.3,1460290,5244.0,2327.0,3659.0,3851.0,14205.5,13514.5,3743.3333333333335,1460.3274746895281,-0.16507242415960643,3412.0,1307.7335355505204,-0.20669955855621913,17640.071428571428,6234.743617288343,0.041157114531337746,16975.1,7256.98049774816,0.1856132422614606,6,-0.9510565162951724,-0.30901699437488944,8,3996.5
Jawa Barat,2008,2007190,5116,0.254883693123222,204189664,478,3418058,8974794.16,2445448,3055.0,5244.0,2327.0,1979.0,6798.0,13514.5,3542.0,1518.255248632377,1.1985388912763213,3252.8,1289.2510228824615,1.585144012127337,3844.714285714286,1689.3007147236224,-0.24742571344513087,16975.1,7256.98049774816,0.1856132422614606,7,-0.9510565162951424,0.30901699437498176,8,3996.5
Jawa Barat,2009,2007190,2886,0.14378309975637582,204189664,478,1854062,5062794.36,1379508,5116.0,3055.0,5244.0,3659.0,3851.0,13514.5,4471.666666666667,1228.537477382394,-0.44965675057208243,3880.2,1277.6410685335052,-0.21125990707843678,3604.4285714285716,1265.736393982363,-0.25058426382757726,16975.1,7256.98049774816,0.1856132422614606,8,-0.587785252292464,0.809016994374954,8,3996.5
Jawa Barat,2010,2007190,2632,0.1311285927092104,204189664,478,1743773,4617212.32,1258096,2886.0,5116.0,3055.0,2327.0,1979.0,13514.5,3685.6666666666665,1241.583800366731,-0.1384615384615384,3725.6,1355.4948542888112,0.13107004727116456,3466.5714285714284,1286.7816257566085,0.3299646286003033,16975.1,7256.98049774816,0.1856132422614606,9,-1.3703664537718588e-14,1.0,8,3996.5
Jawa Barat,2011,2007190,5421,0.27007906575859786,204189664,478,3470377,9509843.459999999,2591238,2632.0,2886.0,5116.0,5244.0,3659.0,6798.0,3544.6666666666665,1366.7279661048478,0.05961688819390143,3786.6,1281.6726571178158,0.03375286041189929,3559.8571428571427,1180.223626914692,0.48155233670401754,3754.7,1529.2471677272108,-0.2025595763459841,10,0.5877852522924419,0.8090169943749701,8,3996.5
Jawa Barat,2012,2007190,3753,0.18697781475595235,204189664,478,2473770,6583737.78,1793934,5421.0,2632.0,2886.0,3055.0,2327.0,3851.0,3646.3333333333335,1542.1447186736707,0.3004158004158004,3822.0,1333.390602938029,0.22847790507364985,3811.5714285714284,1376.4731329445283,0.6128061882251827,3617.0,1263.7088272231451,-0.025447935601142557,11,0.951056516295134,0.3090169943750078,8,3996.5
Jawa Barat,2013,2007190,2565,0.12779059281881636,204189664,478,1580772,4499676.9,1226070,3753.0,5421.0,2632.0,5116.0,5244.0,1979.0,3935.3333333333335,1403.411676356263,-0.025455927051671767,3961.6,1267.9464894085365,-0.4986317435496481,4015.285714285714,1216.3505133934025,-0.5108695652173914,3607.2,1262.0714718278425,0.29610914603335026,12,0.9510565162951808,-0.30901699437486335,8,3996.5
Jawa Barat,2014,2007190,3758,0.18722691922538473,204189664,478,2327948,6592509.08,1796324,2565.0,3753.0,5421.0,2886.0,3055.0,3659.0,3913.0,1434.7069387159743,-0.30676996864047223,3451.4,1198.6539534008396,0.30214830214830224,3632.5714285714284,1186.4056160176165,0.230114566284779,3665.8,1189.5949637500464,0.027056572834107673,13,0.5877852522925647,-0.8090169943748808,8,3996.5
Jawa Barat,2015,2007190,3502,0.17447277039044634,204189664,478,2140101,6143418.52,1673956,3758.0,2565.0,3753.0,2632.0,5116.0,2327.0,3358.6666666666665,687.3400419974782,-0.06687982946975757,3625.8,1158.5912566576064,0.3305471124620061,3733.0,1158.7990910149952,-0.31548084440969504,3675.7,1189.9439809417393,0.5049419853889128,14,1.3817110797565086e-13,-1.0,8,3996.5
Jawa Barat,2016,2007190,3657,0.18219500894285046,204189664,478,2315385,6415328.82,1748046,3502.0,3758.0,2565.0,5421.0,2886.0,5244.0,3275.0,628.0597105369533,0.42573099415204685,3799.8,1030.2478827949328,-0.32540121748754847,3502.4285714285716,985.3444164613122,0.26715176715176714,3793.2,1096.297688688578,-0.3026315789473685,15,-0.5877852522925252,-0.8090169943749096,8,3996.5
Jawa Barat,2017,2007190,5646,0.28128876688305543,204189664,478,3383042,9904551.959999999,2698788,3657.0,3502.0,3758.0,3753.0,2632.0,3055.0,3639.0,128.94572501545804,0.5023948908994147,3447.0,503.83677912937446,0.504396482813749,3612.5714285714284,947.3128411731126,1.1451367781155017,3634.5,970.6063683202987,0.8481178396072013,16,-0.9510565162950955,-0.3090169943751262,8,3996.5
Jawa Barat,2018,2007190,4509,0.2246424105341298,204189664,478,2715136,7909958.34,2155302,5646.0,3657.0,3502.0,2565.0,5421.0,5116.0,4268.333333333333,1195.6087710171319,0.2875499714448886,3825.6,1122.5730711198448,0.7578947368421052,4043.1428571428573,1099.9983982689682,-0.16823464305478697,3893.6,1131.2566463900648,-0.11864738076622361,17,-0.9510565162951491,0.3090169943749612,8,3996.5
Jawa Barat,2019,2007190,6974,0.34745091396429834,204189664,478,4233448,12234209.24,3333572,4509.0,5646.0,3657.0,3758.0,3753.0,2886.0,4604.0,997.8972893037454,0.9070276182663386,4214.4,889.2099302208774,0.8557743480574773,3912.8571428571427,953.9121952225513,0.8582467359445776,3832.9,1073.1720841616775,1.4164934164934166,18,-0.5877852522924816,0.8090169943749413,8,3996.5
Jawa Barat,2020,2007190,3459,0.1723304719533278,204189664,478,2169096,6067985.34,1653402,6974.0,4509.0,5646.0,3502.0,2565.0,2632.0,5709.666666666667,1233.7326830935037,-0.3873538788522848,4857.6,1457.8526331571995,-0.012278697886921708,4373.0,1490.1125237166239,0.3485380116959065,4241.7,1400.9520611996231,0.3142097264437691,19,-3.5264875970351066e-14,1.0,8,3996.5
Jawa Barat,2021,2007190,2568,0.1279400555004758,204189664,478,1703903,4504939.68,1227504,3459.0,6974.0,4509.0,3657.0,3758.0,5421.0,4980.666666666667,1804.344294566061,-0.43047238855622094,4849.0,1467.9405641930402,-0.2977850697292863,4500.714285714285,1340.0850363934696,-0.31665779670037253,4324.4,1317.2822358517492,-0.5262866629773104,20,0.5877852522924245,0.8090169943749828,8,3996.5
Jawa Barat,2022,2007190,2575,0.12828880175768115,204189664,478,1686067,4517219.5,1230850,2568.0,3459.0,6974.0,5646.0,3502.0,3753.0,4333.666666666667,2329.5901642420063,-0.6307714367651276,4631.2,1743.8686017023742,-0.5439249025859015,4330.714285714285,1514.1789540096313,-0.2647058823529411,4039.1,1361.59795420329,-0.31388222755129225,21,0.9510565162951273,0.30901699437502833,8,3996.5
Jawa Barat,2023,2007190,5561,0.27705399090270477,204189664,478,3631441,9755439.86,2658158,2575.0,2568.0,3459.0,4509.0,3657.0,2565.0,2867.3333333333335,512.4103173562168,0.6076900838392598,4017.0,1835.5000681022677,0.2333111554668441,4198.285714285715,1634.4943881108043,0.5206453377085043,3921.3,1437.9193340075817,1.1680311890838206,22,0.9510565162951875,-0.30901699437484287,8,3996.5
Jawa Barat,2024,2007190,4421,0.22025817187211974,204189664,478,2835573,7755583.46,2113238,5561.0,2575.0,2568.0,6974.0,5646.0,3758.0,3568.0,1725.9921784294868,0.7215732087227413,4227.4,1961.9361100717365,-0.3660739891023803,4470.285714285715,1686.986634435996,-0.2169677647892313,4220.9,1436.0429001644784,0.17642362959020752,23,0.5877852522923983,-0.8090169943750019,8,3996.5
Jawa Tengah,2001,1507023,2676,0.1775686237038187,142044543,465,1753753,4566727.8,1244340,14410.5,14240.5,14297.0,14513.5,14205.5,13514.5,15178.666666666668,4017.0082175396165,0.0633849853059043,17240.6,5139.581227977338,0.05911762543411603,17640.071428571428,6234.743617288343,0.041157114531337746,16975.1,7256.98049774816,0.1856132422614606,0,0.5877852522924594,0.8090169943749574,9,2599.75
Jawa Tengah,2002,1507023,1899,0.12601002108129739,142044543,465,1146233,3240738.4499999997,883035,2676.0,14240.5,14297.0,14513.5,14205.5,13514.5,15178.666666666668,4017.0082175396165,0.0633849853059043,17240.6,5139.581227977338,0.05911762543411603,17640.071428571428,6234.743617288343,0.041157114531337746,16975.1,7256.98049774816,0.1856132422614606,1,0.9510565162951407,0.3090169943749873,9,2599.75
Jawa Tengah,2003,1507023,791,0.05248758645355777,142044543,465,507158,1349881.05,367815,1899.0,2676.0,14297.0,14513.5,14205.5,13514.5,15178.666666666668,4017.0082175396165,0.0633849853059043,17240.6,5139.581227977338,0.05911762543411603,17640.071428571428,6234.743617288343,0.041157114531337746,16975.1,7256.98049774816,0.1856132422614606,2,0.9510565162951742,-0.3090169943748839,9,2599.75
Jawa Tengah,2004,1507023,3568,0.23675816493842497,142044543,465,2141078,6088970.399999999,1659120,791.0,1899.0,2676.0,14513.5,14205.5,13514.5,1788.6666666666667,947.3311634972739,0.33333333333333326,17240.6,5139.581227977338,0.05911762543411603,17640.071428571428,6234.743617288343,0.041157114531337746,16975.1,7256.98049774816,0.1856132422614606,3,0.5877852522925473,-0.8090169943748935,9,2599.75
Jawa Tengah,2005,1507023,1703,0.11300424744678747,142044543,465,1074668,2906254.65,791895,3568.0,791.0,1899.0,14513.5,14205.5,13514.5,2086.0,1397.9123720747898,-0.10321221695629279,17240.6,5139.581227977338,0.05911762543411603,17640.071428571428,6234.743617288343,0.041157114531337746,16975.1,7256.98049774816,0.1856132422614606,4,-1.1076377890021368e-13,-1.0,9,2599.75
Jawa Tengah,2006,1507023,3474,0.23052070207289468,142044543,465,1997626,5928554.7,1615410,1703.0,3568.0,791.0,2676.0,14205.5,13514.5,2020.6666666666667,1415.4915518409491,3.3919089759797725,2127.4,1048.1575740333792,0.2982062780269059,17640.071428571428,6234.743617288343,0.041157114531337746,16975.1,7256.98049774816,0.1856132422614606,5,-0.5877852522923587,-0.8090169943750306,9,2599.75
Jawa Tengah,2007,1507023,2898,0.1922996530245391,142044543,465,1796311,4945581.899999999,1347570,3474.0,1703.0,3568.0,1899.0,14205.5,13514.5,2915.0,1050.6745452326163,-0.18778026905829592,2287.0,1202.034317315246,0.5260663507109005,17640.071428571428,6234.743617288343,0.041157114531337746,16975.1,7256.98049774816,0.1856132422614606,6,-0.9510565162951724,-0.30901699437488944,9,2599.75
Jawa Tengah,2008,1507023,2657,0.17630785993312642,142044543,465,1627621,4534303.35,1235505,2898.0,3474.0,1703.0,791.0,2676.0,13514.5,2691.6666666666665,903.3495078501446,0.560187903699354,2486.8,1204.44207000732,2.359039190897598,2429.8571428571427,1013.3550592928581,-0.00710014947683113,16975.1,7256.98049774816,0.1856132422614606,7,-0.9510565162951424,0.30901699437498176,9,2599.75
Jawa Tengah,2009,1507023,3054,0.2026511871418021,142044543,465,1914603,5211803.7,1420110,2657.0,2898.0,3474.0,3568.0,1899.0,13514.5,3009.6666666666665,419.7908209252538,-0.12089810017271152,2860.0,751.5919770749923,-0.14405829596412556,2427.1428571428573,1012.6110521128529,0.6082148499210112,16975.1,7256.98049774816,0.1856132422614606,8,-0.587785252292464,0.809016994374954,9,2599.75
Jawa Tengah,2010,1507023,1323,0.08778897203294177,142044543,465,850285,2257765.65,615195,3054.0,2657.0,2898.0,1703.0,791.0,13514.5,2869.6666666666665,200.01083303935937,-0.5434782608695652,2757.2,660.1315777960494,-0.22313564298297117,2592.1428571428573,1006.2907844460689,0.6725663716814159,16975.1,7256.98049774816,0.1856132422614606,9,-1.3703664537718588e-14,1.0,9,2599.75
Jawa Tengah,2011,1507023,4500,0.2986019456902781,142044543,465,2763974,7679475.0,2092500,1323.0,3054.0,2657.0,3474.0,3568.0,2676.0,2344.6666666666665,906.7824068281753,0.6936394429808055,2681.2,815.4457063492983,0.2953367875647668,2668.1428571428573,856.5339900987068,0.2612107623318385,2404.3,932.2064685474493,0.6816143497757847,10,0.5877852522924419,0.8090169943749701,9,2599.75
Jawa Tengah,2012,1507023,2450,0.16257217043137365,142044543,465,1588832,4181047.5,1139250,4500.0,1323.0,3054.0,2898.0,1703.0,1899.0,2959.0,1590.6291208197356,-0.19777341191879505,2886.4,1132.3397458375707,-0.15458937198067635,2801.285714285714,1066.44045220498,0.4386376981796829,2586.7,1145.3539045501927,0.29015271195365977,11,0.951056516295134,0.3090169943750078,9,2599.75
Jawa Tengah,2013,1507023,1180,0.07830006575878404,142044543,465,711461,2013729.0,548700,2450.0,4500.0,1323.0,2657.0,3474.0,791.0,2757.6666666666665,1610.6912594700136,-0.10808767951625098,2796.8,1148.7975017397537,-0.5558901016183666,2908.0,971.3586704562747,-0.6603339090385723,2641.8,1121.6018109043544,0.49178255372945645,12,0.9510565162951808,-0.30901699437486335,9,2599.75
Jawa Tengah,2014,1507023,2883,0.19130431320557154,142044543,465,1790802,4919983.649999999,1340595,1180.0,2450.0,4500.0,3054.0,2898.0,3568.0,2710.0,1675.2014804195242,-0.3593333333333333,2501.4,1363.5555727595104,-0.055992141453831024,2580.285714285714,1123.615995242969,-0.005175983436852993,2680.7,1055.0503990076252,-0.19198430493273544,13,0.5877852522925647,-0.8090169943748808,9,2599.75
Jawa Tengah,2015,1507023,1808,0.11997162617956063,142044543,465,1129334,3085442.4,840720,2883.0,1180.0,2450.0,1323.0,2657.0,1703.0,2171.0,885.1175063231804,-0.26204081632653065,2467.2,1348.2895460558605,0.36659108087679515,2578.1428571428573,1122.9231835679675,-0.3195333082423786,2612.2,1012.4164492284643,0.06165590135055776,14,1.3817110797565086e-13,-1.0,9,2599.75
Jawa Tengah,2016,1507023,2285,0.1516234324227301,142044543,465,1485007,3899466.75,1062525,1808.0,2883.0,1180.0,4500.0,3054.0,3474.0,1957.0,861.2218065050172,0.9364406779661016,2564.2,1259.9449194323984,-0.4922222222222222,2456.8571428571427,1158.279532839301,-0.2518009168303864,2622.7,1002.4344866382567,-0.3422567645365573,15,-0.5877852522925252,-0.8090169943749096,9,2599.75
Jawa Tengah,2017,1507023,3457,0.22939265027806477,142044543,465,2256994,5899543.35,1607505,2285.0,1808.0,2883.0,2450.0,1323.0,2898.0,2325.3333333333335,538.6337654966486,0.1990981616371834,2121.2,651.7727364684248,0.41102040816326535,2347.0,1128.2836522807386,1.613000755857899,2503.8,959.851354233523,0.19289164941338854,16,-0.9510565162950955,-0.3090169943751262,9,2599.75
Jawa Tengah,2018,1507023,2573,0.1707339569469079,142044543,465,1684139,4390953.15,1196445,3457.0,2285.0,1808.0,1180.0,4500.0,2657.0,2516.6666666666665,848.5589745757795,0.42311946902654873,2322.6,890.5999663168234,1.1805084745762713,2651.8571428571427,1093.2446247422147,-0.42822222222222217,2559.7,1000.7652682941829,-0.03161460293564167,17,-0.9510565162951491,0.3090169943749612,9,2599.75
Jawa Tengah,2019,1507023,2769,0.1837397305814178,142044543,465,1812596,4725436.95,1287585,2573.0,3457.0,2285.0,2883.0,2450.0,3054.0,2771.6666666666665,610.7350762262621,0.21181619256017514,2601.2,620.8358881407473,-0.03954214360041619,2376.5714285714284,733.8498613828167,0.13020408163265307,2551.3,1000.2102056854155,-0.09332023575638504,18,-0.5877852522924816,0.8090169943749413,9,2599.75
Jawa Tengah,2020,1507023,2752,0.18261167878658788,142044543,465,1834118,4696425.6,1279680,2769.0,2573.0,3457.0,1808.0,1180.0,1323.0,2933.0,464.2585486555576,-0.20393404686144057,2578.4,609.8965486076404,0.5221238938053097,2422.1428571428573,748.919761742048,1.3322033898305086,2522.8,988.2840122609466,1.0801209372637945,19,-3.5264875970351066e-14,1.0,9,2599.75
Jawa Tengah,2021,1507023,2109,0.1399447785468437,142044543,465,1505050,3599113.9499999997,980685,2752.0,2769.0,2573.0,2285.0,2883.0,4500.0,2698.0,108.58637115110311,-0.18033424018655264,2767.2,431.94004213953224,-0.07702407002188183,2646.714285714286,512.8588871211798,-0.2684703433922997,2665.7,894.3747723046745,-0.5313333333333333,20,0.5877852522924245,0.8090169943749828,9,2599.75
Jawa Tengah,2022,1507023,2085,0.13835223483649553,142044543,465,1509667,3558156.75,969525,2109.0,2752.0,2769.0,3457.0,1808.0,2450.0,2543.3333333333335,376.23972854165567,-0.24702058504875402,2732.0,484.9752571044247,-0.3968759039629737,2536.1428571428573,536.3252833195131,0.15320796460176989,2426.6,630.05523567518,-0.1489795918367347,21,0.9510565162951273,0.30901699437502833,9,2599.75
Jawa Tengah,2023,1507023,4726,0.3135983989627232,142044543,465,3306770,8065155.3,2197590,2085.0,2109.0,2752.0,2573.0,2285.0,1180.0,2315.3333333333335,378.35477178581897,0.7172965116279071,2457.6,338.1239417780392,0.8367664205207928,2575.714285714286,481.01376082101973,1.0682713347921227,2390.1,639.0571961895953,3.005084745762712,22,0.9510565162951875,-0.30901699437484287,9,2599.75
Jawa Tengah,2024,1507023,2774,0.18407151052107368,142044543,465,1987555,4733969.7,1289910,4726.0,2085.0,2109.0,2769.0,3457.0,2883.0,2973.3333333333335,1517.901292355039,0.3153153153153154,2888.2,1079.6470256539835,0.0018057060310581186,2924.4285714285716,919.8050259257116,-0.19757014752675728,2744.7,843.9472139901313,-0.037807839056538284,23,0.5877852522923983,-0.8090169943750019,9,2599.75
Jawa Timur,2001,1917062,4227,0.22049365122254783,183977497,457,2915024,7089482.13,1931739,14410.5,14240.5,14297.0,14513.5,14205.5,13514.5,15178.666666666668,4017.0082175396165,0.0633849853059043,17240.6,5139.581227977338,0.05911762543411603,17640.071428571428,6234.743617288343,0.041157114531337746,16975.1,7256.98049774816,0.1856132422614606,0,0.5877852522924594,0.8090169943749574,10,4443.375
Jawa Timur,2002,1917062,4052,0.21136509930299593,183977497,457,2711740,6795973.88,1851764,4227.0,14240.5,14297.0,14513.5,14205.5,13514.5,15178.666666666668,4017.0082175396165,0.0633849853059043,17240.6,5139.581227977338,0.05911762543411603,17640.071428571428,6234.743617288343,0.041157114531337746,16975.1,7256.98049774816,0.1856132422614606,1,0.9510565162951407,0.3090169943749873,10,4443.375
Jawa Timur,2003,1917062,2910,0.15179477763369156,183977497,457,1995621,4880622.899999999,1329870,4052.0,4227.0,14297.0,14513.5,14205.5,13514.5,15178.666666666668,4017.0082175396165,0.0633849853059043,17240.6,5139.581227977338,0.05911762543411603,17640.071428571428,6234.743617288343,0.041157114531337746,16975.1,7256.98049774816,0.1856132422614606,2,0.9510565162951742,-0.3090169943748839,10,4443.375
Jawa Timur,2004,1917062,6465,0.3372347894851601,183977497,457,4270837,10843033.35,2954505,2910.0,4052.0,4227.0,14513.5,14205.5,13514.5,3729.6666666666665,715.2246733251704,0.5294535131298794,17240.6,5139.581227977338,0.05911762543411603,17640.071428571428,6234.743617288343,0.041157114531337746,16975.1,7256.98049774816,0.1856132422614606,3,0.5877852522925473,-0.8090169943748935,10,4443.375
Jawa Timur,2005,1917062,2820,0.14710009378935057,183977497,457,1811581,4729675.8,1288740,6465.0,2910.0,4052.0,14513.5,14205.5,13514.5,4475.666666666667,1814.9728188964968,-0.3040473840078973,17240.6,5139.581227977338,0.05911762543411603,17640.071428571428,6234.743617288343,0.041157114531337746,16975.1,7256.98049774816,0.1856132422614606,4,-1.1076377890021368e-13,-1.0,10,4443.375
Jawa Timur,2006,1917062,5746,0.2997294818842583,183977497,457,3692763,9637133.74,2625922,2820.0,6465.0,2910.0,4227.0,14205.5,13514.5,4065.0,2078.948051298965,0.9745704467353953,4094.8,1471.9054657155884,0.35935651762479304,17640.071428571428,6234.743617288343,0.041157114531337746,16975.1,7256.98049774816,0.1856132422614606,5,-0.5877852522923587,-0.8090169943750306,10,4443.375
Jawa Timur,2007,1917062,4430,0.23108277144922806,183977497,457,2910073,7429951.7,2024510,5746.0,2820.0,6465.0,4052.0,14205.5,13514.5,5010.333333333333,1930.6502358876648,-0.31477184841453987,4398.6,1651.7820074099989,0.09328726554787758,17640.071428571428,6234.743617288343,0.041157114531337746,16975.1,7256.98049774816,0.1856132422614606,6,-0.9510565162951724,-0.30901699437488944,10,4443.375
Jawa Timur,2008,1917062,3993,0.2082874732272613,183977497,457,2601074,6697019.67,1824801,4430.0,5746.0,2820.0,2910.0,4227.0,13514.5,4332.0,1465.4596548522795,0.41595744680851054,4474.2,1640.5649027098566,0.37216494845360826,4378.571428571428,1350.3801757473368,-0.0553584102200142,16975.1,7256.98049774816,0.1856132422614606,7,-0.9510565162951424,0.30901699437498176,10,4443.375
Jawa Timur,2009,1917062,4277,0.2231018089138484,183977497,457,2717952,7173341.63,1954589,3993.0,4430.0,5746.0,6465.0,4052.0,13514.5,4723.0,912.4905478961207,-0.25565610859728505,4690.8,1441.8795719488464,-0.3384377416860015,4345.142857142857,1357.634514953958,0.05552813425468894,16975.1,7256.98049774816,0.1856132422614606,8,-0.587785252292464,0.809016994374954,10,4443.375
Jawa Timur,2010,1917062,1648,0.08596487750526588,183977497,457,1081261,2764009.12,753136,4277.0,3993.0,4430.0,2820.0,2910.0,13514.5,4233.333333333333,221.74835587461715,-0.6279909706546276,4253.2,1046.6664702776209,-0.41560283687943267,4377.285714285715,1352.1900401813698,-0.4336769759450172,16975.1,7256.98049774816,0.1856132422614606,9,-1.3703664537718588e-14,1.0,10,4443.375
Jawa Timur,2011,1917062,5849,0.3051022867283374,183977497,457,3645667,9809884.31,2672993,1648.0,4277.0,3993.0,5746.0,6465.0,4227.0,3306.0,1442.8745614223583,0.46481342349110943,4018.8,1486.6346894928247,0.017925513400626425,4197.0,1634.9852190984698,-0.09528228924980664,4056.8,1395.2615684688449,0.38372368109770516,10,0.5877852522924419,0.8090169943749701,10,4443.375
Jawa Timur,2012,1917062,8314,0.4336844609094542,183977497,457,5387081,13944157.66,3799498,5849.0,1648.0,4277.0,4430.0,2820.0,4052.0,3924.6666666666665,2122.546662227499,0.9438859013327099,4039.4,1516.955932123088,0.8767494356659142,4109.0,1503.8911751421638,1.9482269503546101,4219.0,1507.047075870752,1.0518262586377096,11,0.951056516295134,0.3090169943750078,10,4443.375
Jawa Timur,2013,1917062,2754,0.14365732563683387,183977497,457,1615593,4618981.26,1258578,8314.0,5849.0,1648.0,3993.0,5746.0,2910.0,5270.333333333333,3370.4644091479586,0.671116504854369,4816.2,2465.1149466106813,-0.31029301277235166,4893.857142857143,2052.5849904110887,-0.5207100591715976,4645.2,1982.29355377427,-0.053608247422680444,12,0.9510565162951808,-0.30901699437486335,10,4443.375
Jawa Timur,2014,1917062,6771,0.3531967145559194,183977497,457,4112966,11356253.49,3094347,2754.0,8314.0,5849.0,4277.0,4430.0,6465.0,5639.0,2785.9423899283643,0.15763378355274416,4568.4,2625.6024641981494,0.5831190086509235,4466.428571428572,2154.553538992414,0.5284424379232506,4629.6,1998.0177510059875,0.04733178654292347,13,0.5877852522925647,-0.8090169943748808,10,4443.375
Jawa Timur,2015,1917062,2901,0.15132530924925747,183977497,457,1737717,4865528.1899999995,1325757,6771.0,2754.0,8314.0,1648.0,3993.0,2820.0,5946.333333333333,2870.2711254048977,-0.6510704835217704,5067.2,2788.2646395210345,0.7603155339805825,4800.857142857143,2323.052261471438,-0.27347858752817433,4660.2,2031.3162563557219,0.02872340425531905,14,1.3817110797565086e-13,-1.0,10,4443.375
Jawa Timur,2016,1917062,3188,0.16629613439732258,183977497,457,1944186,5346881.72,1456916,2901.0,6771.0,2754.0,5849.0,4277.0,5746.0,4142.0,2277.9668566508526,0.15758896151053015,5317.8,2438.5021427104284,-0.454949564028039,4644.857142857143,2420.946882838939,-0.2546177227028291,4668.3,2023.3087340628529,-0.44517925513400625,15,-0.5877852522925252,-0.8090169943749096,10,4443.375
Jawa Timur,2017,1917062,4713,0.2458449439819891,183977497,457,2834936,7904596.47,2153841,3188.0,2901.0,6771.0,8314.0,1648.0,4430.0,4286.666666666667,2156.276033659211,-0.3039432875498449,4785.6,2579.8673027896957,-0.4331248496511908,4489.285714285715,2482.7269761492134,1.8598300970873787,4412.5,2033.5933850102012,0.06388261851015797,16,-0.9510565162950955,-0.3090169943751262,10,4443.375
Jawa Timur,2018,1917062,4290,0.22377992991358653,183977497,457,2689623,7195145.1,1960530,4713.0,3188.0,2901.0,2754.0,5849.0,3993.0,3600.6666666666665,973.9385675354991,0.47880041365046533,4065.4,1701.843500443981,0.5577342047930283,4927.142857142857,2145.487934292388,-0.26654128910924946,4440.8,2035.8318965751578,0.07438016528925617,17,-0.9510565162951491,0.3090169943749612,10,4443.375
Jawa Timur,2019,1917062,5112,0.26665804235856744,183977497,457,3137536,8573795.28,2336184,4290.0,4713.0,3188.0,6771.0,8314.0,4277.0,4063.6666666666665,787.2905012338834,0.603513174404015,4372.6,1536.546549897986,-0.2450155073105893,4704.428571428572,2114.5381573883647,-0.38513350974260285,4470.5,2030.733269317466,0.19523030161328037,18,-0.5877852522924816,0.8090169943749413,10,4443.375
Jawa Timur,2020,1917062,4919,0.2565905536701473,183977497,457,3048079,8250097.609999999,2247983,5112.0,4290.0,4713.0,2901.0,2754.0,1648.0,4705.0,411.05839001261853,0.04370889030341618,4040.8,960.1868047434434,0.6956221992416407,4247.0,1443.378675193658,0.7861292665214235,4554.0,2039.0426947743895,1.9848300970873787,19,-3.5264875970351066e-14,1.0,10,4443.375
Jawa Timur,2021,1917062,3520,0.18361430146755817,183977497,457,2336854,5903708.8,1608640,4919.0,5112.0,4290.0,3188.0,6771.0,5849.0,4773.666666666667,429.83989267295715,-0.17948717948717952,4444.4,765.7449314252102,0.10414052697616061,4556.285714285715,1294.4099961368545,-0.4801358735784965,4881.1,1765.021274659796,-0.39818772439733285,20,0.5877852522924245,0.8090169943749828,10,4443.375
Jawa Timur,2022,1917062,2918,0.15221208286429966,183977497,457,1968694,4894040.42,1333526,3520.0,4919.0,5112.0,4713.0,2901.0,8314.0,4517.0,868.8031998098107,-0.42918622848200316,4510.8,632.3351168513386,-0.38086144706131975,4091.8571428571427,886.1955067558671,0.00586004825922104,4648.2,1776.7335697226724,-0.6490257397161414,21,0.9510565162951273,0.30901699437502833,10,4443.375
Jawa Timur,2023,1917062,6319,0.3296189690265625,183977497,457,4275821,10598163.61,2887783,2918.0,3520.0,4919.0,4290.0,3188.0,2754.0,3785.6666666666665,1026.6130397248514,0.2846106932303314,4151.8,928.8585468215366,0.47296037296037285,4094.285714285714,882.4032929632477,0.982120451693852,4108.6,1293.3531098150895,1.2944807552650688,22,0.9510565162951875,-0.30901699437484287,10,4443.375
Jawa Timur,2024,1917062,4505,0.23499500798617887,183977497,457,2876830,7555740.95,2058785,6319.0,2918.0,3520.0,5112.0,4713.0,6771.0,4252.333333333333,1814.9199247716413,0.2798295454545454,4557.6,1351.4252846544618,-0.11874021909233179,4541.571428571428,1110.5075201837794,-0.044133248461701635,4465.1,1367.6770614608326,-0.33466253138384283,23,0.5877852522923983,-0.8090169943750019,10,4443.375
Kalimantan Barat,2001,13640399,77940,0.5713909101925831,1591533944,592,49626490,169335561.6,46140480,14410.5,14240.5,14297.0,14513.5,14205.5,13514.5,15178.666666666668,4017.0082175396165,0.0633849853059043,17240.6,5139.581227977338,0.05911762543411603,17640.071428571428,6234.743617288343,0.041157114531337746,16975.1,7256.98049774816,0.1856132422614606,0,0.5877852522924594,0.8090169943749574,11,175379.5
Kalimantan Barat,2002,13640399,96866,0.7101405171505614,1591533944,592,62610050,210454946.24,57344672,77940.0,14240.5,14297.0,14513.5,14205.5,13514.5,15178.666666666668,4017.0082175396165,0.0633849853059043,17240.6,5139.581227977338,0.05911762543411603,17640.071428571428,6234.743617288343,0.041157114531337746,16975.1,7256.98049774816,0.1856132422614606,1,0.9510565162951407,0.3090169943749873,11,175379.5
Kalimantan Barat,2003,13640399,55967,0.4103032469944611,1591533944,592,37665223,121596142.88,33132464,96866.0,77940.0,14297.0,14513.5,14205.5,13514.5,15178.666666666668,4017.0082175396165,0.0633849853059043,17240.6,5139.581227977338,0.05911762543411603,17640.071428571428,6234.743617288343,0.041157114531337746,16975.1,7256.98049774816,0.1856132422614606,2,0.9510565162951742,-0.3090169943748839,11,175379.5
Kalimantan Barat,2004,13640399,113923,0.835188178879518,1591533944,592,77175968,247513666.72,67442416,55967.0,96866.0,77940.0,14513.5,14205.5,13514.5,76924.33333333333,20468.408202235292,0.4616756479343085,17240.6,5139.581227977338,0.05911762543411603,17640.071428571428,6234.743617288343,0.041157114531337746,16975.1,7256.98049774816,0.1856132422614606,3,0.5877852522925473,-0.8090169943748935,11,175379.5
Kalimantan Barat,2005,13640399,104566,0.766590478768253,1591533944,592,74990269,227184274.24,61903072,113923.0,55967.0,96866.0,14513.5,14205.5,13514.5,88918.66666666667,29784.132761142013,0.07949125596184414,17240.6,5139.581227977338,0.05911762543411603,17640.071428571428,6234.743617288343,0.041157114531337746,16975.1,7256.98049774816,0.1856132422614606,4,-1.1076377890021368e-13,-1.0,11,175379.5
Kalimantan Barat,2006,13640399,130920,0.9597959707776876,1591533944,592,93620771,284442028.8,77504640,104566.0,113923.0,55967.0,77940.0,14205.5,13514.5,91485.33333333333,31113.539887536634,1.3392356209909413,89852.4,23104.11219458558,0.6797536566589684,17640.071428571428,6234.743617288343,0.041157114531337746,16975.1,7256.98049774816,0.1856132422614606,5,-0.5877852522923587,-0.8090169943750306,11,175379.5
Kalimantan Barat,2007,13640399,132081,0.9683074520034202,1591533944,592,100123271,286964463.84,78191952,130920.0,104566.0,113923.0,96866.0,14205.5,13514.5,116469.66666666667,13360.2942457617,0.15938835880375346,100448.4,27921.615359788866,0.3635434517787459,17640.071428571428,6234.743617288343,0.041157114531337746,16975.1,7256.98049774816,0.1856132422614606,6,-0.9510565162951724,-0.30901699437488944,11,175379.5
Kalimantan Barat,2008,13640399,202683,1.4859022818907277,1591533944,592,138402392,440357193.12,119988336,132081.0,130920.0,104566.0,55967.0,77940.0,13514.5,122522.33333333333,15561.471984787724,0.9383260333186696,107491.4,31057.346011853573,2.6214733682348528,101751.85714285714,27730.31694390673,1.6005003849114705,16975.1,7256.98049774816,0.1856132422614606,7,-0.9510565162951424,0.30901699437498176,11,175379.5
Kalimantan Barat,2009,13640399,288604,2.1158032107418556,1591533944,592,220589594,627032594.56,170853568,202683.0,132081.0,130920.0,113923.0,96866.0,13514.5,155228.0,41101.335124299796,1.204430186373358,136834.6,38599.854109827866,1.5333251406651862,119572.28571428571,44741.74077120928,1.9794148617678031,16975.1,7256.98049774816,0.1856132422614606,8,-0.587785252292464,0.809016994374954,11,175379.5
Kalimantan Barat,2010,13640399,152522,1.1181637721887754,1591533944,592,116036000,331375398.08,90293024,288604.0,202683.0,132081.0,104566.0,55967.0,13514.5,207789.33333333334,78386.34040656147,0.15476109357136902,171770.8,74776.52365348359,0.45861943652812576,146963.42857142858,76174.32012355416,1.7252130719888505,16975.1,7256.98049774816,0.1856132422614606,9,-1.3703664537718588e-14,1.0,11,175379.5
Kalimantan Barat,2011,13640399,262481,1.9242912175809521,1591533944,592,213023846,570276719.84,155388752,152522.0,288604.0,202683.0,130920.0,113923.0,77940.0,214603.0,68819.63732104376,0.29503214379104326,181362.0,66633.68054144984,1.004896119767797,160757.0,64850.946654617095,1.30402113708382,135607.2,67355.11756652198,2.3677315884013344,10,0.5877852522924419,0.8090169943749701,11,175379.5
Kalimantan Barat,2012,13640399,312530,2.291208636932102,1591533944,592,249209663,679015179.1999999,185017760,262481.0,152522.0,288604.0,132081.0,104566.0,96866.0,234535.66666666666,72216.92268667596,0.08290252387354302,207674.2,67702.33929267133,1.3661995290768543,181979.57142857142,70987.60167066056,1.9888300212306103,154061.3,74681.78705838077,2.226415873474697,11,0.951056516295134,0.3090169943750078,11,175379.5
Kalimantan Barat,2013,13640399,199514,1.4626698236613167,1591533944,592,163462613,433472096.96,118112288,312530.0,262481.0,152522.0,202683.0,130920.0,55967.0,242511.0,81851.94372157572,0.30809981510864004,243764.0,65388.1976544696,-0.015635253079932743,211688.7142857143,76493.52774301505,0.5239382829208676,175627.7,86529.54171976948,2.5648507156002642,12,0.9510565162951808,-0.30901699437486335,11,175379.5
Kalimantan Barat,2014,13640399,291474,2.1368436509811772,1591533944,592,221269455,633268071.36,172552608,199514.0,312530.0,262481.0,288604.0,132081.0,113923.0,258175.0,56630.91285684876,0.11045751882993438,243130.2,65899.30006608556,0.009944422114731566,221487.85714285713,68386.20081914312,1.2067822018306948,189982.4,75702.30614012579,1.5585175952178227,13,0.5877852522925647,-0.8090169943748808,11,175379.5
Kalimantan Barat,2015,13640399,267806,1.9633296650633167,1591533944,592,202053308,581846027.84,158541152,291474.0,199514.0,312530.0,152522.0,202683.0,104566.0,267839.3333333333,60100.766761609055,-0.14310306210603785,243704.2,66404.96993599186,0.7558516148490053,244258.2857142857,59630.89515431357,0.32130469748326207,207737.5,76696.10244805283,1.5611192930780557,14,1.3817110797565086e-13,-1.0,11,175379.5
Kalimantan Barat,2016,13640399,286374,2.0994547153642644,1591533944,592,183511593,622187607.36,169533408,267806.0,291474.0,199514.0,262481.0,288604.0,130920.0,252931.33333333334,47750.41550953594,0.4353579197449804,266761.0,42564.95966167454,0.09102754104106592,253561.57142857142,57089.39558813898,-0.0077268506327008435,224061.5,69313.91210083452,1.187396883593034,15,-0.5877852522925252,-0.8090169943749096,11,175379.5
Kalimantan Barat,2017,13640399,181330,1.329359940277407,1591533944,592,110336586,393964811.2,107347360,286374.0,267806.0,291474.0,312530.0,152522.0,132081.0,281884.6666666667,12456.289228069945,-0.37788619225042375,271539.6,43299.19007094683,-0.41979969922887406,253243.0,56867.04931387456,0.1888776701066075,239606.9,63272.49685017611,0.3728696784548875,16,-0.9510565162950955,-0.3090169943751262,11,175379.5
Kalimantan Barat,2018,13640399,159317,1.1679790305254267,1591533944,592,97466586,346138486.88,94315664,181330.0,286374.0,267806.0,199514.0,262481.0,202683.0,245170.0,56061.14390556081,-0.4051029476561392,245299.6,51269.26585001957,-0.20147458323726652,257358.42857142858,48838.79988921739,-0.3930341624727123,244531.8,55400.071421534296,-0.21395973021911063,17,-0.9510565162951491,0.3090169943749612,11,175379.5
Kalimantan Barat,2019,13640399,143107,1.049140864574416,1591533944,592,91605889,310919992.48,84719344,159317.0,181330.0,286374.0,291474.0,312530.0,288604.0,209007.0,67899.79793047986,-0.5002793549693757,237260.2,62224.74800431082,-0.5090231032613544,242620.7142857143,61069.42725214261,-0.542101558250408,240195.2,60502.24082498461,-0.5041406217516042,18,-0.5877852522924816,0.8090169943749413,11,175379.5
Kalimantan Barat,2020,13640399,121935,0.8939254636173033,1591533944,592,77365801,264920858.4,72185520,143107.0,159317.0,181330.0,267806.0,199514.0,152522.0,161251.33333333334,19184.77694249614,-0.3275519770584018,207586.8,65212.75312160949,-0.5446890659656617,218417.42857142858,62305.60099984884,-0.38883988091061283,225645.5,64902.02810090838,-0.2005415612173982,19,-3.5264875970351066e-14,1.0,11,175379.5
Kalimantan Barat,2021,13640399,109033,0.7993387876703607,1591533944,592,68307384,236889457.12,64547536,121935.0,143107.0,159317.0,286374.0,291474.0,262481.0,141453.0,18745.806677761255,-0.31562231274754105,178412.6,64158.05044029931,-0.6192636203007256,207334.7142857143,72322.95741490445,-0.6259254684808937,222586.8,69302.65696814541,-0.5846061238718231,20,0.5877852522924245,0.8090169943749828,11,175379.5
Kalimantan Barat,2022,13640399,137501,1.0080423600511978,1591533944,592,84718166,298740172.64,81400592,109033.0,121935.0,143107.0,181330.0,267806.0,312530.0,124691.66666666667,17203.4524829562,-0.03917348557373157,142944.4,28865.726628650704,-0.24170848728836924,181271.7142857143,69776.43927027295,-0.4865649014585185,207242.0,76138.77227799245,-0.5600390362525198,21,0.9510565162951273,0.30901699437502833,11,175379.5
Kalimantan Barat,2023,13640399,206711,1.515432209864242,1591533944,592,126852812,449108587.03999996,122372912,137501.0,109033.0,121935.0,159317.0,286374.0,199514.0,122823.0,14254.759345565908,0.6952556690039775,134178.6,19396.52522489519,0.29748237790066345,162656.7142857143,59462.27671589859,-0.27817818656721627,189739.1,69031.99165676732,0.03607265655542968,22,0.9510565162951875,-0.30901699437484287,11,175379.5
Kalimantan Barat,2024,13640399,173923,1.275058009666726,1591533944,592,109650190,377872066.71999997,102962416,206711.0,137501.0,109033.0,143107.0,181330.0,291474.0,151081.66666666666,50235.18489398972,0.5951409206387057,143657.4,37698.38329159481,0.215335378423138,151276.2857142857,34016.63401295655,-0.04084817735620139,190458.8,69182.57639319304,-0.40329840740512013,23,0.5877852522923983,-0.8090169943750019,11,175379.5
Kalimantan Selatan,2001,2818008,18967,0.6730640935015089,271165431,410,10601060,28539644.9,7776470,14410.5,14240.5,14297.0,14513.5,14205.5,13514.5,15178.666666666668,4017.0082175396165,0.0633849853059043,17240.6,5139.581227977338,0.05911762543411603,17640.071428571428,6234.743617288343,0.041157114531337746,16975.1,7256.98049774816,0.1856132422614606,0,0.5877852522924594,0.8090169943749574,12,38896.958333333336
Kalimantan Selatan,2002,2818008,24324,0.8631629150804399,271165431,410,13862311,36600322.8,9972840,18967.0,14240.5,14297.0,14513.5,14205.5,13514.5,15178.666666666668,4017.0082175396165,0.0633849853059043,17240.6,5139.581227977338,0.05911762543411603,17640.071428571428,6234.743617288343,0.041157114531337746,16975.1,7256.98049774816,0.1856132422614606,1,0.9510565162951407,0.3090169943749873,12,38896.958333333336
Kalimantan Selatan,2003,2818008,18403,0.6530499558553419,271165431,410,10740653,27690994.099999998,7545230,24324.0,18967.0,14297.0,14513.5,14205.5,13514.5,15178.666666666668,4017.0082175396165,0.0633849853059043,17240.6,5139.581227977338,0.05911762543411603,17640.071428571428,6234.743617288343,0.041157114531337746,16975.1,7256.98049774816,0.1856132422614606,2,0.9510565162951742,-0.3090169943748839,12,38896.958333333336
Kalimantan Selatan,2004,2818008,41871,1.4858368038699676,271165431,410,25669861,63003293.699999996,17167110,18403.0,24324.0,18967.0,14513.5,14205.5,13514.5,20564.666666666668,3267.8684694052995,1.2075710444456162,17240.6,5139.581227977338,0.05911762543411603,17640.071428571428,6234.743617288343,0.041157114531337746,16975.1,7256.98049774816,0.1856132422614606,3,0.5877852522925473,-0.8090169943748935,12,38896.958333333336
Kalimantan Selatan,2005,2818008,25392,0.9010620267933944,271165431,410,14717806,38207342.4,10410720,41871.0,18403.0,24324.0,14513.5,14205.5,13514.5,28199.333333333332,12204.52425673911,0.04390725209669455,17240.6,5139.581227977338,0.05911762543411603,17640.071428571428,6234.743617288343,0.041157114531337746,16975.1,7256.98049774816,0.1856132422614606,4,-1.1076377890021368e-13,-1.0,12,38896.958333333336
Kalimantan Selatan,2006,2818008,54016,1.91681499839603,271165431,410,31049828,81277875.2,22146560,25392.0,41871.0,18403.0,18967.0,14205.5,13514.5,28555.333333333332,12049.554528418606,1.9351736129978807,25791.4,9513.506309452994,1.8478937101281172,17640.071428571428,6234.743617288343,0.041157114531337746,16975.1,7256.98049774816,0.1856132422614606,5,-0.5877852522923587,-0.8090169943750306,12,38896.958333333336
Kalimantan Selatan,2007,2818008,29584,1.0498195888727073,271165431,410,17430865,44515044.8,12129440,54016.0,25392.0,41871.0,24324.0,14205.5,13514.5,40426.333333333336,14366.580676463462,-0.2934489264646175,32801.2,14717.305619575938,0.21624732774214772,17640.071428571428,6234.743617288343,0.041157114531337746,16975.1,7256.98049774816,0.1856132422614606,6,-0.9510565162951724,-0.30901699437488944,12,38896.958333333336
Kalimantan Selatan,2008,2818008,18696,0.6634473713346449,271165431,410,10785556,28131871.2,7665360,29584.0,54016.0,25392.0,18403.0,18967.0,13514.5,36330.666666666664,15458.702317249443,-0.2637051039697542,33853.2,14136.391643556053,0.015921317176547323,30365.285714285714,13080.494737259032,-0.014287973849317237,16975.1,7256.98049774816,0.1856132422614606,7,-0.9510565162951424,0.30901699437498176,12,38896.958333333336
Kalimantan Selatan,2009,2818008,60466,2.145700083179324,271165431,410,37200432,90983190.2,24791060,18696.0,29584.0,54016.0,41871.0,24324.0,13514.5,34098.666666666664,18087.627299713284,0.11940906398104256,33911.8,14056.716693453041,0.44410212318788655,30326.571428571428,13120.193568913037,1.4858575892123005,16975.1,7256.98049774816,0.1856132422614606,8,-0.587785252292464,0.809016994374954,12,38896.958333333336
Kalimantan Selatan,2010,2818008,26199,0.9296992769360484,271165431,410,16355863,39421635.3,10741590,60466.0,18696.0,29584.0,25392.0,18403.0,13514.5,36248.666666666664,21667.86933072408,-0.11441995673336935,37630.8,18459.32694330975,0.03178166351606815,35489.71428571428,16924.266884313187,0.4236265826223986,16975.1,7256.98049774816,0.1856132422614606,9,-1.3703664537718588e-14,1.0,12,38896.958333333336
Kalimantan Selatan,2011,2818008,48257,1.7124507808352567,271165431,410,29823913,72612307.9,19785370,26199.0,60466.0,18696.0,54016.0,41871.0,18967.0,35120.333333333336,22268.270393843643,1.581140350877193,37792.2,18328.629114039086,-0.10661655805687209,36603.42857142857,15833.845120050451,0.15251606123570016,31791.8,15150.466775353963,1.544261085042442,10,0.5877852522924419,0.8090169943749701,12,38896.958333333336
Kalimantan Selatan,2012,2818008,66809,2.3707881595793907,271165431,410,46971865,100527502.3,27391690,48257.0,26199.0,60466.0,29584.0,25392.0,24324.0,44974.0,17367.797471182115,0.10490192835643164,36640.4,17200.44852031485,1.2582815035154136,37515.71428571428,16363.050191558405,1.6311042848141146,34720.8,15226.682346751775,1.7466288439401416,11,0.951056516295134,0.3090169943750078,12,38896.958333333336
Kalimantan Selatan,2013,2818008,35960,1.2760787052414329,271165431,410,23862418,54109012.0,14743600,66809.0,48257.0,26199.0,18696.0,54016.0,18403.0,47088.333333333336,20330.208098623418,0.3725714721935951,44085.4,21015.668185903603,0.9234060761660248,43432.42857142857,18585.639858568513,-0.334271327014218,38969.3,17725.46286529303,0.9540292343639625,12,0.9510565162951808,-0.30901699437486335,12,38896.958333333336
Kalimantan Selatan,2014,2818008,66373,2.3553162375692334,271165431,410,44435366,99871453.1,27212930,35960.0,66809.0,48257.0,60466.0,29584.0,41871.0,50342.0,15529.829973312644,0.37540667675155937,47538.2,16796.01582816594,0.09769126451228782,40853.0,18119.08338373376,1.2435438074634937,40725.0,16271.948152162358,0.5851782856869909,13,0.5877852522925647,-0.8090169943748808,12,38896.958333333336
Kalimantan Selatan,2015,2818008,73379,2.6039315715214437,271165431,410,52781490,110413381.3,30085390,66373.0,35960.0,66809.0,26199.0,18696.0,25392.0,56380.666666666664,17686.159683021444,0.09834004400604712,48719.6,18090.52057846873,1.8008320928279704,46108.57142857143,19582.049253140234,2.9248502353444588,43175.2,18194.805295284878,1.8898471959672336,14,1.3817110797565086e-13,-1.0,12,38896.958333333336
Kalimantan Selatan,2016,2818008,65747,2.333101964224374,271165431,410,42633774,98929510.89999999,26956270,73379.0,66373.0,35960.0,48257.0,60466.0,54016.0,58570.666666666664,19892.277253580927,0.8283370411568409,58155.6,15530.500983548474,0.36243446546615,53920.42857142857,17634.206038806366,0.08733833890120057,47973.9,19279.265122290035,0.21717639218009488,15,-0.5877852522925252,-0.8090169943749096,12,38896.958333333336
Kalimantan Selatan,2017,2818008,37465,1.3294852250242015,271165431,410,22647185,56373585.5,15360650,65747.0,73379.0,66373.0,66809.0,26199.0,29584.0,68499.66666666667,4237.203008274824,-0.4355385473008603,61653.6,14690.582827103897,-0.43922226047388824,54674.857142857145,18068.52920069084,0.43001641284018466,49147.0,20030.047007211557,0.26639399675500264,16,-0.9510565162950955,-0.3090169943751262,12,38896.958333333336
Kalimantan Selatan,2018,2818008,37578,1.3334951497653662,271165431,410,22164632,56543616.6,15406980,37465.0,65747.0,73379.0,35960.0,48257.0,18696.0,58863.666666666664,18920.598757262764,-0.4878916311206204,55784.8,17674.480535506562,0.0449944382647387,56284.28571428572,15416.45984777705,-0.22129431999502658,49935.1,19317.154687248963,1.0099486521181,17,-0.9510565162951491,0.3090169943749612,12,38896.958333333336
Kalimantan Selatan,2019,2818008,44331,1.5731325106245264,271165431,410,26275063,66704855.699999996,18175710,37578.0,37465.0,65747.0,66373.0,66809.0,60466.0,46930.0,16296.097968532216,-0.3257334935434316,56108.4,17229.9908241415,-0.33209286908833413,54758.71428571428,16808.72609404975,-0.3364516756724394,51823.3,16665.119081815905,-0.26684417689279927,18,-0.5877852522924816,0.8090169943749413,12,38896.958333333336
Kalimantan Selatan,2020,2818008,21000,0.7452072527828169,271165431,410,12814017,31598700.0,8610000,44331.0,37578.0,37465.0,73379.0,35960.0,26199.0,39791.333333333336,3931.8726242508346,-0.439476845055385,51700.0,16760.56025316578,-0.713814579103013,51547.57142857143,16261.136736169732,-0.4160177975528365,50209.8,16515.784435233603,-0.19844268865223869,19,-3.5264875970351066e-14,1.0,12,38896.958333333336
Kalimantan Selatan,2021,2818008,21668,0.7689119406332416,271165431,410,12667305,32603839.599999998,8883880,21000.0,44331.0,37578.0,65747.0,66373.0,48257.0,34303.0,12005.336688323232,-0.42338602373729306,41224.2,16182.278507676263,-0.6704336319527887,49410.42857142857,19342.34339350869,-0.6735419522998809,49689.9,17413.057549181438,-0.5509874215139772,20,0.5877852522924245,0.8090169943749828,12,38896.958333333336
Kalimantan Selatan,2022,2818008,17769,0.630551794033232,271165431,410,9559874,26737014.3,7285290,21668.0,21000.0,44331.0,37465.0,73379.0,66809.0,28999.666666666668,13281.524473242263,-0.5991743926372064,32408.4,10487.494233609934,-0.525717336180435,43024.0,20170.79453070775,-0.7578462502895924,47031.0,19554.50315855075,-0.7340328398868416,21,0.9510565162951273,0.30901699437502833,12,38896.958333333336
Kalimantan Selatan,2023,2818008,51434,1.8251899923634,271165431,410,29899991,77392739.8,21087940,17769.0,21668.0,21000.0,37578.0,65747.0,35960.0,20145.666666666668,2085.1772906237943,1.4492380952380954,28469.2,11737.828662065307,0.3687263824578211,35079.71428571428,16910.41584068214,-0.21769814592300785,42127.0,20182.52969498329,0.4303114571746385,22,0.9510565162951875,-0.30901699437484287,12,38896.958333333336
Kalimantan Selatan,2024,2818008,27839,0.9878964147724208,271165431,410,16120868,41889343.3,11413990,51434.0,17769.0,21668.0,44331.0,37465.0,66373.0,30290.333333333332,18414.438094422898,0.2847978585933173,31240.4,15468.682403488723,-0.3720195799778936,33035.0,12996.712635638496,-0.25693313759508873,43674.4,20250.252224492142,-0.5805673993943321,23,0.5877852522923983,-0.8090169943750019,12,38896.958333333336
Kalimantan Tengah,2001,14220881,64076,0.450576866510591,1698947244,535,42220392,125810022.2,34280660,14410.5,14240.5,14297.0,14513.5,14205.5,13514.5,15178.666666666668,4017.0082175396165,0.0633849853059043,17240.6,5139.581227977338,0.05911762543411603,17640.071428571428,6234.743617288343,0.041157114531337746,16975.1,7256.98049774816,0.1856132422614606,0,0.5877852522924594,0.8090169943749574,13,160843.25
Kalimantan Tengah,2002,14220881,102874,0.7234010326083173,1698947244,535,74151771,201987955.29999998,55037590,64076.0,14240.5,14297.0,14513.5,14205.5,13514.5,15178.666666666668,4017.0082175396165,0.0633849853059043,17240.6,5139.581227977338,0.05911762543411603,17640.071428571428,6234.743617288343,0.041157114531337746,16975.1,7256.98049774816,0.1856132422614606,1,0.9510565162951407,0.3090169943749873,13,160843.25
Kalimantan Tengah,2003,14220881,129122,0.9079746887692823,1698947244,535,147052676,253524590.9,69080270,102874.0,64076.0,14297.0,14513.5,14205.5,13514.5,15178.666666666668,4017.0082175396165,0.0633849853059043,17240.6,5139.581227977338,0.05911762543411603,17640.071428571428,6234.743617288343,0.041157114531337746,16975.1,7256.98049774816,0.1856132422614606,2,0.9510565162951742,-0.3090169943748839,13,160843.25
Kalimantan Tengah,2004,14220881,169837,1.1942790323609347,1698947244,535,115601806,333466457.65,90862795,129122.0,102874.0,64076.0,14513.5,14205.5,13514.5,98690.66666666667,32724.16136944281,1.650555590236594,17240.6,5139.581227977338,0.05911762543411603,17640.071428571428,6234.743617288343,0.041157114531337746,16975.1,7256.98049774816,0.1856132422614606,3,0.5877852522925473,-0.8090169943748935,13,160843.25
Kalimantan Tengah,2005,14220881,158552,1.1149238925492733,1698947244,535,109855751,311308924.4,84825320,169837.0,129122.0,102874.0,14513.5,14205.5,13514.5,133944.33333333334,33740.954585389736,0.5412251880941734,17240.6,5139.581227977338,0.05911762543411603,17640.071428571428,6234.743617288343,0.041157114531337746,16975.1,7256.98049774816,0.1856132422614606,4,-1.1076377890021368e-13,-1.0,13,160843.25
Kalimantan Tengah,2006,14220881,221893,1.5603323029002212,1698947244,535,148088017,435675810.84999996,118712755,158552.0,169837.0,129122.0,64076.0,14205.5,13514.5,152503.66666666666,21020.57464327111,0.7184755502547977,124892.2,42878.66516345858,2.4629658530495036,17640.071428571428,6234.743617288343,0.041157114531337746,16975.1,7256.98049774816,0.1856132422614606,5,-0.5877852522923587,-0.8090169943750306,13,160843.25
Kalimantan Tengah,2007,14220881,291717,2.051328606153163,1698947244,535,291244104,572771743.65,156068595,221893.0,158552.0,169837.0,102874.0,14205.5,13514.5,183427.33333333334,33786.73467994994,0.7176292562869104,156455.6,44954.487054130586,1.835672764741334,17640.071428571428,6234.743617288343,0.041157114531337746,16975.1,7256.98049774816,0.1856132422614606,6,-0.9510565162951724,-0.30901699437488944,13,160843.25
Kalimantan Tengah,2008,14220881,204626,1.438912258670894,1698947244,535,142000086,401772919.7,109474910,291717.0,221893.0,158552.0,129122.0,64076.0,13514.5,224054.0,66608.79631850435,0.29059236086583584,194224.2,63984.268314172274,0.5847493068570808,162581.57142857142,75994.04337371263,2.193488981834072,16975.1,7256.98049774816,0.1856132422614606,7,-0.9510565162951424,0.30901699437498176,13,160843.25
Kalimantan Tengah,2009,14220881,194376,1.3668351489615869,1698947244,535,145533154,381647557.2,103991160,204626.0,291717.0,221893.0,169837.0,102874.0,13514.5,239412.0,46112.873376097465,-0.12401022114262283,209325.0,52691.736928098966,0.14448559501168767,182660.14285714287,63104.293206903545,0.889457005657406,16975.1,7256.98049774816,0.1856132422614606,8,-0.587785252292464,0.809016994374954,13,160843.25
Kalimantan Tengah,2010,14220881,142342,1.0009365805114325,1698947244,535,107073467,279481399.9,76152970,194376.0,204626.0,291717.0,158552.0,129122.0,13514.5,230239.66666666666,53487.031234995,-0.5120544911678099,214232.8,49115.71671776752,-0.10223775165245474,195731.85714285713,52389.97302737916,0.10238379207261339,16975.1,7256.98049774816,0.1856132422614606,9,-1.3703664537718588e-14,1.0,13,160843.25
Kalimantan Tengah,2011,14220881,139335,0.9797916176923216,1698947244,535,100394491,273577305.75,74544225,142342.0,194376.0,204626.0,221893.0,169837.0,64076.0,180448.0,33396.34788416238,-0.3190747998788033,210990.8,54001.84564160737,-0.3720622101643585,197620.42857142858,49760.91589744277,-0.17959573002349316,167941.5,64594.06520769187,1.1745271240402024,10,0.5877852522924419,0.8090169943749701,13,160843.25
Kalimantan Tengah,2012,14220881,218881,1.5391521805153985,1698947244,535,161281420,429761899.45,117101335,139335.0,142342.0,194376.0,291717.0,158552.0,102874.0,158684.33333333334,30946.434598081418,0.12607009095773147,194479.2,61881.59735898864,-0.24968034087831703,193263.0,53773.06404387478,0.3804997729451536,175467.4,54787.9116679339,1.1276610222213583,11,0.951056516295134,0.3090169943750078,13,160843.25
Kalimantan Tengah,2013,14220881,103285,0.7262911489098319,1698947244,535,75334314,202794933.25,55257475,218881.0,139335.0,142342.0,204626.0,221893.0,129122.0,166852.66666666666,45082.935955118664,-0.27438844473170254,179912.0,36730.67478960864,-0.49524987049544045,201881.42857142858,52090.852884990316,-0.5345279030884256,187068.1,49760.10664612091,-0.20009758213162743,12,0.9510565162951808,-0.30901699437486335,13,160843.25
Kalimantan Tengah,2014,14220881,197213,1.3867846865464946,1698947244,535,145179410,387217864.84999996,105508955,103285.0,218881.0,139335.0,194376.0,291717.0,169837.0,153833.66666666666,59146.15207545907,0.415387375749094,159643.8,46377.48796237237,0.014595423303288557,184937.42857142858,62705.449669751266,-0.32395780842391775,184484.4,53623.91278814988,0.16118984673539916,13,0.5877852522925647,-0.8090169943748808,13,160843.25
Kalimantan Tengah,2015,14220881,213840,1.503704306364704,1698947244,535,172198968,419864148.0,114404400,197213.0,103285.0,218881.0,142342.0,204626.0,158552.0,173126.33333333334,61447.00511280701,-0.0230307792818929,160211.2,46922.79541118575,0.5022972840061262,171436.85714285713,42943.36442117132,0.04502849100309825,187222.0,53491.68429453927,0.34870578737575064,14,1.3817110797565086e-13,-1.0,13,160843.25
Kalimantan Tengah,2016,14220881,492975,3.46655738136055,1698947244,535,479684517,967931763.75,263741625,213840.0,197213.0,103285.0,139335.0,194376.0,221893.0,171446.0,59611.70793560606,3.772958319213826,174510.8,50846.19454000459,2.5380557648831954,172753.14285714287,44251.50534324065,1.536192739844425,192750.8,53054.60010173998,1.2216789173160039,15,-0.5877852522925252,-0.8090169943749096,13,160843.25
Kalimantan Tengah,2017,14220881,102894,0.7235416708711647,1698947244,535,69126749,202027224.29999998,55048290,492975.0,213840.0,197213.0,218881.0,142342.0,291717.0,301342.6666666667,166166.5660303941,-0.47825954678444116,245238.8,146211.49224052118,-0.5299089459569355,215410.14285714287,129798.77159720288,-0.2771353500723609,219859.0,109173.59911830533,-0.6472814405742552,16,-0.9510565162950955,-0.3090169943751262,13,160843.25
Kalimantan Tengah,2018,14220881,110369,0.7761052216103911,1698947244,535,76187310,216704013.04999998,59047415,102894.0,492975.0,213840.0,103285.0,139335.0,204626.0,269903.0,200992.765086209,-0.48387111859334087,222041.4,159990.5571316632,0.06858691968824138,209774.7142857143,134278.90698432404,-0.2078874654609395,200976.7,111665.02447951688,-0.4606306139004819,17,-0.9510565162951491,0.3090169943749612,13,160843.25
Kalimantan Tengah,2019,14220881,122143,0.8588989669486722,1698947244,535,86475205,239821673.35,65346505,110369.0,102894.0,492975.0,197213.0,218881.0,194376.0,235412.66666666666,223086.8341483498,-0.7522328718494853,223458.2,158702.17331120576,-0.38065441933341104,205636.7142857143,137225.38063433484,-0.4419661825375433,191551.0,115243.55799397685,-0.3716148084125612,18,-0.5877852522924816,0.8090169943749413,13,160843.25
Kalimantan Tengah,2020,14220881,90490,0.6363178202531896,1698947244,535,60914533,177672590.5,48412150,122143.0,110369.0,102894.0,213840.0,103285.0,142342.0,111802.0,9704.18038785309,-0.12055124691430019,208444.2,165222.8627511943,-0.5768331462775907,191817.0,140501.32160825626,-0.12388052476158207,184327.7,117292.3357077899,-0.36427758497140694,19,-3.5264875970351066e-14,1.0,13,160843.25
Kalimantan Tengah,2021,14220881,53159,0.3738094707353222,1698947244,535,33362598,104375038.55,28440065,90490.0,122143.0,110369.0,492975.0,197213.0,139335.0,107667.33333333333,15998.511003631733,-0.5183520734988991,183774.2,173230.63502365854,-0.8921669455854759,189989.14285714287,141921.0970427213,-0.7304488040849234,179142.5,120458.05175269752,-0.6184806401837298,20,0.5877852522924245,0.8090169943749828,13,160843.25
Kalimantan Tengah,2022,14220881,72734,0.5114591704972428,1698947244,535,46339431,142809572.3,38912690,53159.0,90490.0,122143.0,102894.0,213840.0,218881.0,88597.33333333333,34530.92388473445,-0.4045176555349058,95811.0,26471.61036846835,-0.2931171885629872,169410.0,150861.62685940604,-0.659867190422746,170524.9,126550.76056968866,-0.6677007140866498,21,0.9510565162951273,0.30901699437502833,13,160843.25
Kalimantan Tengah,2023,14220881,144866,1.0186851292827779,1698947244,535,91559754,284437147.7,77503310,72734.0,53159.0,90490.0,110369.0,492975.0,103285.0,72127.66666666667,18672.88462807296,0.6009061774781743,89779.0,27854.257044480684,0.3125605921952723,149252.0,153342.31427321903,-0.7061392565545921,155910.2,128765.38016511529,0.40258508011811966,22,0.9510565162951875,-0.30901699437484287,13,160843.25
Kalimantan Tengah,2024,14220881,118639,0.8342591432978027,1698947244,535,76649894,232941744.54999998,63471865,144866.0,72734.0,53159.0,122143.0,102894.0,197213.0,90253.0,48298.34348091031,1.2317763690061891,96678.4,37000.20070621241,-0.028687685745396818,99522.14285714286,30674.412536774205,0.15302155616459667,160068.3,127542.74790311592,-0.39842201071937444,23,0.5877852522923983,-0.8090169943750019,13,160843.25
Kalimantan Timur,2001,11718039,45977,0.39236087198549174,1520118972,580,27360852,97866642.2,26666660,14410.5,14240.5,14297.0,14513.5,14205.5,13514.5,15178.666666666668,4017.0082175396165,0.0633849853059043,17240.6,5139.581227977338,0.05911762543411603,17640.071428571428,6234.743617288343,0.041157114531337746,16975.1,7256.98049774816,0.1856132422614606,0,0.5877852522924594,0.8090169943749574,14,130559.70833333333
Kalimantan Timur,2002,11718039,57425,0.4900563993685291,1520118972,580,34117200,122234855.0,33306500,45977.0,14240.5,14297.0,14513.5,14205.5,13514.5,15178.666666666668,4017.0082175396165,0.0633849853059043,17240.6,5139.581227977338,0.05911762543411603,17640.071428571428,6234.743617288343,0.041157114531337746,16975.1,7256.98049774816,0.1856132422614606,1,0.9510565162951407,0.3090169943749873,14,130559.70833333333
Kalimantan Timur,2003,11718039,36975,0.31553914439096853,1520118972,580,23331304,78704985.0,21445500,57425.0,45977.0,14297.0,14513.5,14205.5,13514.5,15178.666666666668,4017.0082175396165,0.0633849853059043,17240.6,5139.581227977338,0.05911762543411603,17640.071428571428,6234.743617288343,0.041157114531337746,16975.1,7256.98049774816,0.1856132422614606,2,0.9510565162951742,-0.3090169943748839,14,130559.70833333333
Kalimantan Timur,2004,11718039,71496,0.6101362181846297,1520118972,580,42881456,152186385.6,41467680,36975.0,57425.0,45977.0,14513.5,14205.5,13514.5,46792.333333333336,10249.351264022569,0.5550383887595971,17240.6,5139.581227977338,0.05911762543411603,17640.071428571428,6234.743617288343,0.041157114531337746,16975.1,7256.98049774816,0.1856132422614606,3,0.5877852522925473,-0.8090169943748935,14,130559.70833333333
Kalimantan Timur,2005,11718039,66742,0.5695662900592838,1520118972,580,41221767,142067021.2,38710360,71496.0,36975.0,57425.0,14513.5,14205.5,13514.5,55298.666666666664,17358.45126540158,0.16224640835872872,17240.6,5139.581227977338,0.05911762543411603,17640.071428571428,6234.743617288343,0.041157114531337746,16975.1,7256.98049774816,0.1856132422614606,4,-1.1076377890021368e-13,-1.0,14,130559.70833333333
Kalimantan Timur,2006,11718039,128253,1.0944920050189286,1520118972,580,77996547,272999335.8,74386740,66742.0,71496.0,36975.0,45977.0,14205.5,13514.5,58404.333333333336,18709.95388378395,2.4686409736308317,55723.0,14314.107673900116,1.789503447375862,17640.071428571428,6234.743617288343,0.041157114531337746,16975.1,7256.98049774816,0.1856132422614606,5,-0.5877852522923587,-0.8090169943750306,14,130559.70833333333
Kalimantan Timur,2007,11718039,121912,1.0403788551992361,1520118972,580,75445749,259501883.2,70708960,128253.0,66742.0,71496.0,57425.0,14205.5,13514.5,88830.33333333333,34223.6776856802,0.7051583305359741,72178.2,34026.912373884355,1.122977797126687,17640.071428571428,6234.743617288343,0.041157114531337746,16975.1,7256.98049774816,0.1856132422614606,6,-0.9510565162951724,-0.30901699437488944,14,130559.70833333333
Kalimantan Timur,2008,11718039,105149,0.8973259092242312,1520118972,580,65828559,223820161.4,60986420,121912.0,128253.0,66742.0,36975.0,45977.0,13514.5,105635.66666666667,33831.79052804221,0.5754547361481526,85075.6,38908.23300151271,1.8437863421230563,75540.0,35851.929078735695,1.2869913217478306,16975.1,7256.98049774816,0.1856132422614606,7,-0.9510565162951424,0.30901699437498176,14,130559.70833333333
Kalimantan Timur,2009,11718039,211515,1.8050375152361247,1520118972,580,132568141,450230829.0,122678700,105149.0,121912.0,128253.0,71496.0,57425.0,13514.5,118438.0,11937.3452241273,0.6492011882762976,98710.4,28351.089896157446,1.9584172541121183,83993.14285714286,34676.354707632534,2.6833260774923815,16975.1,7256.98049774816,0.1856132422614606,8,-0.587785252292464,0.809016994374954,14,130559.70833333333
Kalimantan Timur,2010,11718039,107241,0.9151787257236471,1520118972,580,73268917,228273192.6,62199780,211515.0,105149.0,121912.0,66742.0,36975.0,13514.5,146192.0,57188.90005062169,-0.12034090163396549,126714.2,53099.73477994026,0.6067993167720476,106006.0,56831.17415057825,1.9003651115618663,16975.1,7256.98049774816,0.1856132422614606,9,-1.3703664537718588e-14,1.0,14,130559.70833333333
Kalimantan Timur,2011,11718039,182064,1.5537070665151396,1520118972,580,128207918,387541430.4,105597120,107241.0,211515.0,105149.0,128253.0,71496.0,45977.0,141301.66666666666,60815.52638375606,0.7314857963461374,134814.0,43968.267762103125,0.41956913288578046,116044.0,48148.39957187934,1.5464921114467942,95268.5,51844.71975310302,2.9598929899732473,10,0.5877852522924419,0.8090169943749701,14,130559.70833333333
Kalimantan Timur,2012,11718039,255656,2.181730236603582,1520118972,580,185383993,544189361.6,148280480,182064.0,107241.0,211515.0,121912.0,66742.0,57425.0,166940.0,53757.03024721511,0.20868969103846058,145576.2,48330.18030899529,1.0970536124417611,131839.42857142858,49222.72076611634,2.830511521980162,108877.2,55219.47561785716,3.451998258598172,11,0.951056516295134,0.3090169943750078,14,130559.70833333333
Kalimantan Timur,2013,11718039,147487,1.2586320970599263,1520118972,580,105915945,313940828.2,85542460,255656.0,182064.0,107241.0,105149.0,128253.0,36975.0,181653.66666666666,74208.35085307674,0.37528557174961064,172325.0,65809.00738880652,0.402647671399633,158827.14285714287,58497.5334734397,0.1499692015001599,128700.3,68645.50539312669,2.9888302907369844,12,0.9510565162951808,-0.30901699437486335,14,130559.70833333333
Kalimantan Timur,2014,11718039,211485,1.8047814997031502,1520118972,580,148028973,450166971.0,122661300,147487.0,255656.0,182064.0,211515.0,121912.0,71496.0,195069.0,55244.73421965214,0.16159702082784078,180792.6,57160.10810259189,-0.00014183391248845378,161574.85714285713,57260.718977406585,0.7347348907408622,139751.5,60670.3001828554,1.9579976502181942,13,0.5877852522925647,-0.8090169943748808,14,130559.70833333333
Kalimantan Timur,2015,11718039,183872,1.5691362693023978,1520118972,580,129229278,391389939.2,106645760,211485.0,147487.0,255656.0,107241.0,105149.0,66742.0,204876.0,54386.50844648887,-0.2807835528992083,180786.6,57156.07843703057,0.7145681222666704,174371.0,56927.48434924326,0.7486804439414545,153750.4,59306.32123737836,1.7549668874172184,14,1.3817110797565086e-13,-1.0,14,130559.70833333333
Kalimantan Timur,2016,11718039,313958,2.679270823386063,1520118972,580,200410821,668290998.8,182095640,183872.0,211485.0,147487.0,182064.0,211515.0,128253.0,180948.0,32099.039440456825,1.1287164292446112,196112.8,40290.729674454764,0.7244375604183144,185617.14285714287,48058.444382607624,0.48432971656856494,165463.4,51229.40027670746,1.4479583323586973,15,-0.5877852522925252,-0.8090169943749096,14,130559.70833333333
Kalimantan Timur,2017,11718039,134297,1.1460706010621742,1520118972,580,93894983,285864594.2,77892260,313958.0,183872.0,211485.0,255656.0,107241.0,121912.0,236438.33333333334,68538.99242280517,-0.36498096791734636,222491.6,64622.53578512675,-0.47469646712770286,200251.85714285713,68506.85735853639,0.25229156759075355,184033.9,67360.93554122366,0.10158967123827023,16,-0.9510565162950955,-0.3090169943751262,14,130559.70833333333
Kalimantan Timur,2018,11718039,147742,1.2608082290902087,1520118972,580,106195817,314483621.2,85690360,134297.0,313958.0,183872.0,147487.0,182064.0,105149.0,210709.0,92788.39990537615,-0.19649538809606681,198219.8,71479.18786402087,0.0017289659427610626,204117.0,62920.03570670735,-0.18851612619738112,185272.4,66195.62814734991,0.4050728014531759,17,-0.9510565162951491,0.3090169943749612,14,130559.70833333333
Kalimantan Timur,2019,11718039,132059,1.1269718423022828,1520118972,580,97175202,281100787.4,76594220,147742.0,134297.0,313958.0,211485.0,255656.0,211515.0,198665.66666666666,100072.14197934078,-0.5793736741857192,198270.8,71434.01760156004,-0.375563278719531,199213.85714285713,66177.92369420626,-0.48345041774885,189531.7,61683.87688142034,-0.37565184502281157,18,-0.5877852522924816,0.8090169943749413,14,130559.70833333333
Kalimantan Timur,2020,11718039,91821,0.7835867417747969,1520118972,580,66906288,195450180.6,53256180,132059.0,147742.0,134297.0,183872.0,147487.0,107241.0,138032.66666666666,8482.660333488131,-0.3162840569781902,182385.6,76418.19967324531,-0.5006254350852768,181557.14285714287,65088.206738826295,-0.37742987517543924,181586.1,63624.44164950379,-0.14378828992642734,19,-3.5264875970351066e-14,1.0,14,130559.70833333333
Kalimantan Timur,2021,11718039,74061,0.6320255462539422,1520118972,580,53317833,157646244.6,42955380,91821.0,132059.0,147742.0,313958.0,211485.0,182064.0,123874.0,28845.02087016055,-0.49871397436070986,163975.4,86406.05452339548,-0.7641053898929157,173604.85714285713,72878.86833970596,-0.6498049507057237,180044.1,65776.91913742322,-0.5932144740311099,20,0.5877852522924245,0.8090169943749828,14,130559.70833333333
Kalimantan Timur,2022,11718039,61563,0.5253694752168003,1520118972,580,42445205,131043001.8,35706540,74061.0,91821.0,132059.0,134297.0,183872.0,255656.0,99313.66666666667,29716.10743912009,-0.5338220038013313,115996.0,31399.561844076714,-0.5415906535514569,153972.85714285713,79208.73584697716,-0.6651855638705186,169243.8,73787.457914683,-0.7591959508088995,21,0.9510565162951273,0.30901699437502833,14,130559.70833333333
Kalimantan Timur,2023,11718039,134307,1.1461559395731657,1520118972,580,90358293,285885880.2,77898060,61563.0,74061.0,91821.0,147742.0,313958.0,147487.0,75815.0,15205.065866348363,0.4627046100565231,101449.2,37127.1729088009,-0.09093554980980356,136500.14285714287,84806.34385553288,-0.572213480784054,149834.5,74058.66865345492,-0.08936380833564994,22,0.9510565162951875,-0.30901699437484287,14,130559.70833333333
Kalimantan Timur,2024,11718039,110376,0.9419323489194737,1520118972,580,73938627,234946353.6,64018080,134307.0,61563.0,74061.0,132059.0,134297.0,211485.0,89977.0,38896.16531227717,0.49033904484141444,98762.2,33219.79724802667,-0.1641917627727001,110835.71428571429,34291.821924546275,-0.17812013671191462,148516.5,74222.1881204596,-0.47809064472657636,23,0.5877852522923983,-0.8090169943750019,14,130559.70833333333
Kalimantan Utara,2001,6837686,27060,0.3957479182284767,1038915205,617,19341740,61274393.4,16696020,14410.5,14240.5,14297.0,14513.5,14205.5,13514.5,15178.666666666668,4017.0082175396165,0.0633849853059043,17240.6,5139.581227977338,0.05911762543411603,17640.071428571428,6234.743617288343,0.041157114531337746,16975.1,7256.98049774816,0.1856132422614606,0,0.5877852522924594,0.8090169943749574,15,32958.875
Kalimantan Utara,2002,6837686,23604,0.345204503394862,1038915205,617,16603990,53448661.56,14563668,27060.0,14240.5,14297.0,14513.5,14205.5,13514.5,15178.666666666668,4017.0082175396165,0.0633849853059043,17240.6,5139.581227977338,0.05911762543411603,17640.071428571428,6234.743617288343,0.041157114531337746,16975.1,7256.98049774816,0.1856132422614606,1,0.9510565162951407,0.3090169943749873,15,32958.875
Kalimantan Utara,2003,6837686,16648,0.24347418117766745,1038915205,617,11813601,37697564.72,10271816,23604.0,27060.0,14297.0,14513.5,14205.5,13514.5,15178.666666666668,4017.0082175396165,0.0633849853059043,17240.6,5139.581227977338,0.05911762543411603,17640.071428571428,6234.743617288343,0.041157114531337746,16975.1,7256.98049774816,0.1856132422614606,2,0.9510565162951742,-0.3090169943748839,15,32958.875
Kalimantan Utara,2004,6837686,36334,0.5313785979642821,1038915205,617,26651952,82274346.26,22418078,16648.0,23604.0,27060.0,14513.5,14205.5,13514.5,22437.333333333332,5303.13768756945,0.34271988174427204,17240.6,5139.581227977338,0.05911762543411603,17640.071428571428,6234.743617288343,0.041157114531337746,16975.1,7256.98049774816,0.1856132422614606,3,0.5877852522925473,-0.8090169943748935,15,32958.875
Kalimantan Utara,2005,6837686,23948,0.3502354451491338,1038915205,617,17285858,54227611.72,14775916,36334.0,16648.0,23604.0,14513.5,14205.5,13514.5,25528.666666666668,9983.131038573008,0.0145738010506693,17240.6,5139.581227977338,0.05911762543411603,17640.071428571428,6234.743617288343,0.041157114531337746,16975.1,7256.98049774816,0.1856132422614606,4,-1.1076377890021368e-13,-1.0,15,32958.875
Kalimantan Utara,2006,6837686,24116,0.3526924167035456,1038915205,617,17979152,54608029.24,14879572,23948.0,36334.0,16648.0,27060.0,14205.5,13514.5,25643.333333333332,9951.897574499038,0.4485824123017781,25518.8,7144.382632530857,-0.1087952697708795,17640.071428571428,6234.743617288343,0.041157114531337746,16975.1,7256.98049774816,0.1856132422614606,5,-0.5877852522923587,-0.8090169943750306,15,32958.875
Kalimantan Utara,2007,6837686,30813,0.4506349077743553,1038915205,617,23003238,69772649.07,19011621,24116.0,23948.0,36334.0,23604.0,14205.5,13514.5,28132.666666666668,7103.059716299737,-0.151951340342379,24930.0,7106.826577313436,0.30541433655312655,17640.071428571428,6234.743617288343,0.041157114531337746,16975.1,7256.98049774816,0.1856132422614606,6,-0.9510565162951724,-0.30901699437488944,15,32958.875
Kalimantan Utara,2008,6837686,39795,0.5819951369513019,1038915205,617,32121894,90111400.05,24553515,30813.0,24116.0,23948.0,16648.0,27060.0,13514.5,26292.333333333332,3915.9132183080733,0.6617254050442625,26371.8,7491.418637348232,1.390377222489188,26074.714285714286,6218.278559067466,0.47062084257206216,16975.1,7256.98049774816,0.1856132422614606,7,-0.9510565162951424,0.30901699437498176,15,32958.875
Kalimantan Utara,2009,6837686,51702,0.7561329958702403,1038915205,617,41983041,117073491.78,31900134,39795.0,30813.0,24116.0,36334.0,23604.0,13514.5,31574.666666666668,7867.201683783155,1.1438878752695305,31001.2,7123.17876372676,0.42296471624373866,27894.0,8125.154131875216,1.1903914590747333,16975.1,7256.98049774816,0.1856132422614606,8,-0.587785252292464,0.809016994374954,15,32958.875
Kalimantan Utara,2010,6837686,29944,0.4379259299125465,1038915205,617,24417359,67804894.16,18475448,51702.0,39795.0,30813.0,23948.0,16648.0,13514.5,40770.0,10478.575714284276,-0.028202382111446433,34074.8,11787.790110958353,0.25037581426423916,31908.0,11773.842264389625,0.7986544930321962,16975.1,7256.98049774816,0.1856132422614606,9,-1.3703664537718588e-14,1.0,15,32958.875
Kalimantan Utara,2011,6837686,41756,0.6106744299167877,1038915205,617,37909107,94551868.84,25763452,29944.0,51702.0,39795.0,24116.0,36334.0,27060.0,40480.333333333336,10895.177939497891,0.04927754743058177,35274.0,10760.216192066375,0.7314645878255099,33807.42857142857,9810.496621091153,0.14922661969505158,30396.4,10028.889605092352,0.5430894308943088,10,0.5877852522924419,0.8090169943749701,15,32958.875
Kalimantan Utara,2012,6837686,60396,0.8832812738110525,1038915205,617,56397829,136760098.44,37264332,41756.0,29944.0,51702.0,30813.0,23948.0,23604.0,41134.0,10892.3277585642,0.16815597075548339,38802.0,8922.029617749931,0.9600817836627398,34582.0,10247.532727445163,1.5219642558877569,31866.0,10548.93015112677,1.5587188612099645,11,0.951056516295134,0.3090169943750078,15,32958.875
Kalimantan Utara,2013,6837686,31842,0.46568385854512767,1038915205,617,30264091,72102706.38,19646514,60396.0,41756.0,29944.0,39795.0,24116.0,16648.0,44032.0,15353.052074424439,0.0633849853059043,44718.6,11681.78482938315,-0.19984922728986054,39788.857142857145,12868.389389362146,0.32036822026870126,35545.2,13382.635829064131,0.9126621816434406,12,0.9510565162951808,-0.30901699437486335,15,32958.875
Kalimantan Utara,2014,6837686,59037,0.8634061289155426,1038915205,617,54653575,133682792.42999999,36425829,31842.0,60396.0,41756.0,51702.0,30813.0,36334.0,44664.666666666664,14497.51652295392,0.41385669125395164,43128.0,12988.180550023411,0.1418707206684462,40892.57142857143,11565.461971711507,0.9159770226852302,37064.6,11763.305631402904,0.6248417460230087,13,0.5877852522925647,-0.8090169943748808,15,32958.875
Kalimantan Utara,2015,6837686,47844,0.6997103991028544,1038915205,617,47042639,108337475.16,29519748,59037.0,31842.0,60396.0,29944.0,39795.0,23948.0,50425.0,16107.688754131961,-0.20782833300218562,44595.0,14522.342235328511,0.597782527384451,44924.57142857143,12358.41699487048,0.20226159065209193,39334.9,13646.685388768115,0.9978286286955069,14,1.3817110797565086e-13,-1.0,15,32958.875
Kalimantan Utara,2016,6837686,38488,0.5628804832512052,1038915205,617,28230272,87151842.32,23747096,47844.0,59037.0,31842.0,41756.0,51702.0,24116.0,46241.0,13668.182505365838,0.20871804534891014,48175.0,11993.914040045722,-0.07826420155187275,46074.42857142857,12174.688111779416,-0.25558005493017677,41724.5,12713.223249392966,0.595952894344004,15,-0.5877852522925252,-0.8090169943749096,15,32958.875
Kalimantan Utara,2017,6837686,33775,0.4939536562515448,1038915205,617,25163499,76479772.25,20839175,38488.0,47844.0,59037.0,60396.0,29944.0,30813.0,48456.333333333336,10288.17594782099,-0.427901146738486,47521.4,12509.1400503794,-0.44077422345850714,44186.71428571428,12181.121085713667,0.12793881912904093,43161.7,11226.9251261824,0.09612825755362997,16,-0.9510565162950955,-0.3090169943751262,15,32958.875
Kalimantan Utara,2018,6837686,36813,0.538383891860492,1038915205,617,27279257,83358989.07,22713621,33775.0,38488.0,47844.0,31842.0,41756.0,39795.0,40035.666666666664,7161.050504871566,-0.23056182593428642,42197.2,11262.626234586965,0.15611456566798565,44734.0,11501.670154085852,-0.11837819714532039,43457.9,10899.220313093507,-0.074934036939314,17,-0.9510565162951491,0.3090169943749612,15,32958.875
Kalimantan Utara,2019,6837686,29326,0.4288877845516743,1038915205,617,21270456,66405501.14,18094142,36813.0,33775.0,38488.0,59037.0,60396.0,51702.0,36358.666666666664,2389.122502786509,-0.238048222822698,43191.4,10298.109938236552,-0.5032606670393143,44027.857142857145,11861.09741168919,-0.5144380422544539,43159.7,11050.317532391704,-0.43278789988781863,18,-0.5877852522924816,0.8090169943749413,15,32958.875
Kalimantan Utara,2020,6837686,24481,0.35803047990211895,1038915205,617,17310809,55434531.589999996,15104777,29326.0,36813.0,33775.0,47844.0,31842.0,29944.0,33304.666666666664,3765.594552433987,-0.27517394522575866,37249.2,6870.623094014628,-0.48831619429813555,39589.28571428572,10443.785069192414,-0.23117266503360345,40922.1,11388.6760858717,-0.18244055570398077,19,-3.5264875970351066e-14,1.0,15,32958.875
Kalimantan Utara,2021,6837686,19260,0.28167423891649895,1038915205,617,14290997,43612151.4,11883420,24481.0,29326.0,36813.0,38488.0,59037.0,41756.0,30206.666666666668,6212.989323451326,-0.47681525548040093,32576.6,5710.364200294731,-0.4995842860112243,38537.71428571428,11654.291937800717,-0.6737639107678235,40375.8,12083.616730470478,-0.5387489223105661,20,0.5877852522924245,0.8090169943749828,15,32958.875
Kalimantan Utara,2022,6837686,17636,0.25792351389051793,1038915205,617,13016817,39934782.04,10881412,19260.0,24481.0,29326.0,33775.0,47844.0,60396.0,24355.666666666668,5034.170272579134,-0.3986223828684444,28731.0,7051.188304109324,-0.4778386380458919,32855.28571428572,9489.597071082042,-0.6313853356742747,38126.2,13773.925429352039,-0.7079939068812504,21,0.9510565162951273,0.30901699437502833,15,32958.875
Kalimantan Utara,2023,6837686,26441,0.3866951480369236,1038915205,617,19352139,59872735.99,16314097,17636.0,19260.0,24481.0,36813.0,38488.0,31842.0,20459.0,3576.549594229847,0.08006208896695388,25503.2,7817.298938892417,-0.2817482954391112,28539.85714285714,8335.859792262125,-0.31300665142382045,33850.2,12686.614729269068,-0.1696187425412976,22,0.9510565162951875,-0.30901699437484287,15,32958.875
Kalimantan Utara,2024,6837686,19954,0.29182387140912874,1038915205,617,14535488,45183638.06,12311618,26441.0,17636.0,19260.0,29326.0,33775.0,59037.0,21112.333333333332,4685.654739021974,0.03603322949117338,23428.8,4896.245163388855,-0.3195798949737434,26818.85714285714,7090.205907418085,-0.4092079940784604,33310.1,12894.865631543958,-0.6620085708962176,23,0.5877852522923983,-0.8090169943750019,15,32958.875
Kepulauan Riau,2001,689780,1719,0.2492098930093653,65301369,398,950861,2510874.54,684162,14410.5,14240.5,14297.0,14513.5,14205.5,13514.5,15178.666666666668,4017.0082175396165,0.0633849853059043,17240.6,5139.581227977338,0.05911762543411603,17640.071428571428,6234.743617288343,0.041157114531337746,16975.1,7256.98049774816,0.1856132422614606,0,0.5877852522924594,0.8090169943749574,16,6369.791666666667
Kepulauan Riau,2002,689780,5529,0.8015599176549044,65301369,398,3032378,8075989.14,2200542,1719.0,14240.5,14297.0,14513.5,14205.5,13514.5,15178.666666666668,4017.0082175396165,0.0633849853059043,17240.6,5139.581227977338,0.05911762543411603,17640.071428571428,6234.743617288343,0.041157114531337746,16975.1,7256.98049774816,0.1856132422614606,1,0.9510565162951407,0.3090169943749873,16,6369.791666666667
Kepulauan Riau,2003,689780,1775,0.25732842355533647,65301369,398,1004387,2592671.5,706450,5529.0,1719.0,14297.0,14513.5,14205.5,13514.5,15178.666666666668,4017.0082175396165,0.0633849853059043,17240.6,5139.581227977338,0.05911762543411603,17640.071428571428,6234.743617288343,0.041157114531337746,16975.1,7256.98049774816,0.1856132422614606,2,0.9510565162951742,-0.3090169943748839,16,6369.791666666667
Kepulauan Riau,2004,689780,4533,0.6571660529444171,65301369,398,2430997,6621171.78,1804134,1775.0,5529.0,1719.0,14513.5,14205.5,13514.5,3007.6666666666665,2183.7182357889037,1.6369982547993018,17240.6,5139.581227977338,0.05911762543411603,17640.071428571428,6234.743617288343,0.041157114531337746,16975.1,7256.98049774816,0.1856132422614606,3,0.5877852522925473,-0.8090169943748935,16,6369.791666666667
Kepulauan Riau,2005,689780,8092,1.1731276638928354,65301369,398,4393452,11819660.72,3220616,4533.0,1775.0,5529.0,14513.5,14205.5,13514.5,3945.6666666666665,1944.6977485761408,0.4635557967082655,17240.6,5139.581227977338,0.05911762543411603,17640.071428571428,6234.743617288343,0.041157114531337746,16975.1,7256.98049774816,0.1856132422614606,4,-1.1076377890021368e-13,-1.0,16,6369.791666666667
Kepulauan Riau,2006,689780,5433,0.787642436718954,65301369,398,3085049,7935765.78,2162334,8092.0,4533.0,1775.0,1719.0,14205.5,13514.5,4800.0,3166.9526362078545,2.0608450704225354,4329.6,2691.505117961132,2.1605584642233855,17640.071428571428,6234.743617288343,0.041157114531337746,16975.1,7256.98049774816,0.1856132422614606,5,-0.5877852522923587,-0.8090169943750306,16,6369.791666666667
Kepulauan Riau,2007,689780,2688,0.3896894662066166,65301369,398,1477674,3926254.08,1069824,5433.0,8092.0,4533.0,5529.0,14205.5,13514.5,6019.333333333333,1850.5297439699139,-0.4070152217074785,5072.4,2270.478980305891,-0.5138361367335865,17640.071428571428,6234.743617288343,0.041157114531337746,16975.1,7256.98049774816,0.1856132422614606,6,-0.9510565162951724,-0.30901699437488944,16,6369.791666666667
Kepulauan Riau,2008,689780,8706,1.2621415523790194,65301369,398,4805679,12716505.959999999,3464988,2688.0,5433.0,8092.0,1775.0,1719.0,13514.5,5404.333333333333,2702.114048910091,0.0758774097874444,4504.2,2474.0110549492183,3.9047887323943664,4252.714285714285,2339.7920644435058,4.06457242582897,16975.1,7256.98049774816,0.1856132422614606,7,-0.9510565162951424,0.30901699437498176,16,6369.791666666667
Kepulauan Riau,2009,689780,5234,0.7587926585288063,65301369,398,2959989,7645094.4399999995,2083132,8706.0,2688.0,5433.0,4533.0,5529.0,13514.5,5609.0,3012.857945536758,-0.03662801398858828,5890.4,2504.0847230097434,0.15464372380322078,5250.857142857143,2558.8338117707062,-0.053355037077229106,16975.1,7256.98049774816,0.1856132422614606,8,-0.587785252292464,0.809016994374954,16,6369.791666666667
Kepulauan Riau,2010,689780,4797,0.6954391255182812,65301369,398,2717646,7006786.02,1909206,5234.0,8706.0,2688.0,8092.0,1775.0,13514.5,5542.666666666667,3020.850432132862,0.7845982142857142,6030.6,2427.54027773192,-0.407192288680178,5208.714285714285,2555.9170379400907,1.7025352112676058,16975.1,7256.98049774816,0.1856132422614606,9,-1.3703664537718588e-14,1.0,16,6369.791666666667
Kepulauan Riau,2011,689780,6945,1.0068427614601756,65301369,398,4023768,10144283.7,2764110,4797.0,5234.0,8706.0,5433.0,4533.0,1719.0,6245.666666666667,2141.8852287920045,-0.2022742935906272,5371.6,2160.6018374542873,0.27829928216455,5640.428571428572,2092.4764321535386,0.5320979483785573,4850.6,2365.5868522582678,3.0401396160558463,10,0.5877852522924419,0.8090169943749701,16,6369.791666666667
Kepulauan Riau,2012,689780,9375,1.3591289976514251,65301369,398,5569448,13693687.5,3731250,6945.0,4797.0,5234.0,2688.0,8092.0,5529.0,5658.666666666667,1135.2234728533897,0.7911730989682844,5674.0,2274.169628680061,2.4877232142857144,5985.0,2078.2664250291846,0.15855165595650034,5373.2,2165.7048018856235,0.695604991861096,11,0.951056516295134,0.3090169943750078,16,6369.791666666667
Kepulauan Riau,2013,689780,4763,0.6905100176867988,65301369,398,2926094,6957123.58,1895674,9375.0,6945.0,4797.0,8706.0,5433.0,1775.0,7039.0,2290.4471179191482,-0.007087763185324114,7011.4,2032.5723357387928,-0.45290604181024585,6168.285714285715,2335.6884577140754,-0.12332044910730722,5757.8,2510.499144707496,1.6833802816901406,12,0.9510565162951808,-0.30901699437486335,16,6369.791666666667
Kepulauan Riau,2014,689780,19231,2.787990373742353,65301369,398,10628370,28089952.46,7653938,4763.0,9375.0,6945.0,5234.0,2688.0,4533.0,7027.666666666667,2307.1110361916835,1.769042476601872,6222.8,1974.8154850544252,2.6742453190676345,6072.571428571428,2384.0685712561153,6.154389880952381,6056.6,2133.270061566756,3.2424442973748073,13,0.5877852522925647,-0.8090169943748808,16,6369.791666666667
Kepulauan Riau,2015,689780,5869,0.8508509959697295,65301369,398,3215468,8572613.54,2335862,19231.0,4763.0,9375.0,4797.0,8706.0,8092.0,11123.0,7390.695772387374,-0.3739733333333334,9022.2,6013.566429333796,0.22347300396080882,8435.857142857143,5110.378016963111,-0.3258672180105674,7526.4,4601.906711114326,-0.27471576866040537,14,1.3817110797565086e-13,-1.0,16,6369.791666666667
Kepulauan Riau,2016,689780,13058,1.8930673548087795,65301369,398,6683777,19073298.28,5197084,5869.0,19231.0,4763.0,6945.0,5234.0,5433.0,9954.333333333334,8052.839085274075,1.7415494436279655,9236.6,5841.926976607153,0.8802015838732902,8030.571428571428,5197.142864348684,1.4948414214749715,7304.1,4625.182361572254,1.4034603349898767,15,-0.5877852522925252,-0.8090169943749096,16,6369.791666666667
Kepulauan Riau,2017,689780,7993,1.1587752616776363,65301369,398,4153721,11675055.379999999,3181214,13058.0,5869.0,19231.0,9375.0,4797.0,2688.0,12719.333333333334,6687.4346601157995,-0.5843689875721492,10459.2,5881.971540224438,-0.14741333333333329,9148.285714285714,5334.963189954014,0.6662497394204712,8066.6,4902.642081347464,1.9735863095238093,16,-0.9510565162950955,-0.3090169943751262,16,6369.791666666667
Kepulauan Riau,2018,689780,6266,0.9084055785902752,65301369,398,3286840,9152495.56,2493868,7993.0,13058.0,5869.0,4763.0,6945.0,8706.0,8973.333333333334,3693.402270714318,0.06764355086045315,10182.8,5977.35361175916,0.3155574217929875,9604.857142857143,5028.465452759193,-0.09776817854571629,8597.1,4528.733829672611,-0.2802664828853664,17,-0.9510565162951491,0.3090169943749612,16,6369.791666666667
Kepulauan Riau,2019,689780,8888,1.2885267766534256,65301369,398,4512761,12982346.08,3537424,6266.0,7993.0,13058.0,19231.0,9375.0,5234.0,9105.666666666666,3530.061803045054,-0.31934446316434373,10483.4,5666.354939465957,-0.5378295460454474,9507.857142857143,5094.442279869906,-0.051946666666666697,8353.1,4587.563852418971,0.6981276270538785,18,-0.5877852522924816,0.8090169943749413,16,6369.791666666667
Kepulauan Riau,2020,689780,8779,1.272724636840732,65301369,398,4743478,12823134.14,3494042,8888.0,6266.0,7993.0,5869.0,4763.0,4797.0,7715.666666666667,1332.818942436495,0.09833604403853369,8414.8,2874.8729885006196,0.4958255239393423,9438.285714285714,5099.881427199807,0.8431660718034852,8718.5,4455.132377384665,0.8301021471753178,19,-3.5264875970351066e-14,1.0,16,6369.791666666667
Kepulauan Riau,2021,689780,4391,0.6365797790599902,65301369,398,2380199,6413758.06,1747618,8779.0,8888.0,6266.0,13058.0,19231.0,6945.0,7977.666666666667,1483.3483519785793,-0.29923396105968725,8996.8,2500.874986881675,-0.6637310461020065,10012.0,4696.1876027336,-0.7716707399511206,9116.7,4238.365855166742,-0.3677465802735781,20,0.5877852522924245,0.8090169943749828,16,6369.791666666667
Kepulauan Riau,2022,689780,2845,0.4124503464872858,65301369,398,1560701,4155577.6999999997,1132310,4391.0,8779.0,8888.0,7993.0,5869.0,9375.0,7352.666666666667,2565.457529041846,-0.6799054905490549,7263.4,1917.9528930634922,-0.6440635556111598,7892.0,2812.7669651198516,-0.5152496166297496,8861.3,4455.176441202228,-0.6965333333333333,21,0.9510565162951273,0.30901699437502833,16,6369.791666666667
Kepulauan Riau,2023,689780,3343,0.48464727884252945,65301369,398,1863024,4882986.38,1330514,2845.0,4391.0,8779.0,6266.0,13058.0,4763.0,5338.333333333333,3078.3387294638746,-0.619204920833808,6233.8,2664.7577188199944,-0.46648579636131504,7460.0,3355.176597449037,-0.7439883596262827,8208.3,4833.968488153977,-0.2981314297711526,22,0.9510565162951875,-0.30901699437484287,16,6369.791666666667
Kepulauan Riau,2024,689780,2623,0.38026617182290007,65301369,398,1463611,3831311.1799999997,1043954,3343.0,2845.0,4391.0,8888.0,7993.0,19231.0,3526.3333333333335,789.1370814484964,-0.4026417672511956,5649.2,2960.178913513642,-0.7048829882988299,6072.142857142857,2571.391091010342,-0.6718378581258602,8066.3,4965.488384844055,-0.8636056367323592,23,0.5877852522923983,-0.8090169943750019,16,6369.791666666667
Lampung,2001,1783131,10335,0.5795984703311198,162224187,542,5670528,20557761.9,5601570,14410.5,14240.5,14297.0,14513.5,14205.5,13514.5,15178.666666666668,4017.0082175396165,0.0633849853059043,17240.6,5139.581227977338,0.05911762543411603,17640.071428571428,6234.743617288343,0.041157114531337746,16975.1,7256.98049774816,0.1856132422614606,0,0.5877852522924594,0.8090169943749574,17,13144.541666666666
Lampung,2002,1783131,9346,0.5241342335476193,162224187,542,5294687,18590502.44,5065532,10335.0,14240.5,14297.0,14513.5,14205.5,13514.5,15178.666666666668,4017.0082175396165,0.0633849853059043,17240.6,5139.581227977338,0.05911762543411603,17640.071428571428,6234.743617288343,0.041157114531337746,16975.1,7256.98049774816,0.1856132422614606,1,0.9510565162951407,0.3090169943749873,17,13144.541666666666
Lampung,2003,1783131,4981,0.2793401045688735,162224187,542,2998867,9907906.34,2699702,9346.0,10335.0,14297.0,14513.5,14205.5,13514.5,15178.666666666668,4017.0082175396165,0.0633849853059043,17240.6,5139.581227977338,0.05911762543411603,17640.071428571428,6234.743617288343,0.041157114531337746,16975.1,7256.98049774816,0.1856132422614606,2,0.9510565162951742,-0.3090169943748839,17,13144.541666666666
Lampung,2004,1783131,10520,0.5899734792339991,162224187,542,5711808,20925752.8,5701840,4981.0,9346.0,10335.0,14513.5,14205.5,13514.5,8220.666666666666,2848.878785297401,0.01790033865505558,17240.6,5139.581227977338,0.05911762543411603,17640.071428571428,6234.743617288343,0.041157114531337746,16975.1,7256.98049774816,0.1856132422614606,3,0.5877852522925473,-0.8090169943748935,17,13144.541666666666
Lampung,2005,1783131,9319,0.522620043059091,162224187,542,4855209,18536795.66,5050898,10520.0,4981.0,9346.0,14513.5,14205.5,13514.5,8282.333333333334,2918.676126828327,-0.002888936443398271,17240.6,5139.581227977338,0.05911762543411603,17640.071428571428,6234.743617288343,0.041157114531337746,16975.1,7256.98049774816,0.1856132422614606,4,-1.1076377890021368e-13,-1.0,17,13144.541666666666
Lampung,2006,1783131,14046,0.7877155408099573,162224187,542,7593744,27939460.439999998,7612932,9319.0,10520.0,4981.0,10335.0,14205.5,13514.5,8273.333333333334,2913.7938041868374,1.819915679582413,8900.2,2259.240071353735,0.35907111756168364,17640.071428571428,6234.743617288343,0.041157114531337746,16975.1,7256.98049774816,0.1856132422614606,5,-0.5877852522923587,-0.8090169943750306,17,13144.541666666666
Lampung,2007,1783131,15584,0.8739683175268671,162224187,542,8008809,30998757.759999998,8446528,14046.0,9319.0,10520.0,9346.0,14205.5,13514.5,11295.0,2456.9495314280716,0.4813688212927756,9642.4,3243.5692223244355,0.6674513160710465,17640.071428571428,6234.743617288343,0.041157114531337746,16975.1,7256.98049774816,0.1856132422614606,6,-0.9510565162951724,-0.30901699437488944,17,13144.541666666666
Lampung,2008,1783131,16173,0.9070001026284665,162224187,542,9014570,32170361.22,8765766,15584.0,14046.0,9319.0,4981.0,10335.0,13514.5,12983.0,3264.970597108773,0.735486640197446,10890.0,4168.7886130157995,2.246938365790002,10590.142857142857,3453.9290394552613,0.5648766328011612,16975.1,7256.98049774816,0.1856132422614606,7,-0.9510565162951424,0.30901699437498176,17,13144.541666666666
Lampung,2009,1783131,23141,1.2977734109271837,162224187,542,11909937,46030688.74,12542422,16173.0,15584.0,14046.0,10520.0,9346.0,13514.5,15267.666666666666,1098.21779867129,0.647515306848925,13128.4,3060.099230418833,1.1997148288973385,11424.142857142857,4037.574743530085,1.4760325272843997,16975.1,7256.98049774816,0.1856132422614606,8,-0.587785252292464,0.809016994374954,17,13144.541666666666
Lampung,2010,1783131,14090,0.7901831104949665,162224187,542,7268716,28026982.599999998,7636780,23141.0,16173.0,15584.0,9319.0,4981.0,13514.5,18299.333333333332,4203.335857782336,-0.09586755646817247,15652.6,4976.125731933393,0.5119648030904604,13394.857142857143,5825.119724914785,1.828749247139129,16975.1,7256.98049774816,0.1856132422614606,9,-1.3703664537718588e-14,1.0,17,13144.541666666666
Lampung,2011,1783131,16755,0.9396393198256325,162224187,542,8765231,33328040.7,9081210,14090.0,23141.0,16173.0,14046.0,10520.0,10335.0,17801.333333333332,4740.121552588995,0.03598590242997579,16606.8,3769.0201246490487,0.1928662964545067,14696.142857142857,4498.683860448241,0.5926806083650189,12753.5,5007.970563680193,0.6211901306240928,10,0.5877852522924419,0.8090169943749701,17,13144.541666666666
Lampung,2012,1783131,30337,1.7013332166845845,162224187,542,16286859,60344540.18,16442654,16755.0,14090.0,23141.0,15584.0,9319.0,9346.0,17995.333333333332,4651.233205647587,0.3109632254440171,17148.6,3493.5147487894583,0.9466760780287475,15586.857142857143,4136.706799245485,2.2553922094645347,13395.5,5074.545874593498,2.2459875882730578,11,0.951056516295134,0.3090169943750078,17,13144.541666666666
Lampung,2013,1783131,5150,0.2888178154044767,162224187,542,2868658,10244071.0,2791300,30337.0,16755.0,14090.0,16173.0,14046.0,4981.0,20394.0,8713.380113365058,-0.6344925479063166,20099.2,6647.824847272161,-0.6815680455079454,18589.428571428572,6025.593936350163,-0.6333475722625659,15494.6,7136.081296249851,0.033928929933748186,12,0.9510565162951808,-0.30901699437486335,17,13144.541666666666
Lampung,2014,1783131,11365,0.6373620334120151,162224187,542,6464907,22606576.099999998,6159830,5150.0,30337.0,16755.0,23141.0,15584.0,10520.0,17414.0,12606.425068193812,-0.321695016413011,17894.6,9493.899741413397,-0.5088803422496867,17318.571428571428,7815.760207370339,-0.270726386036961,15511.5,7108.5630248171865,0.08032319391634979,13,0.5877852522925647,-0.8090169943748808,17,13144.541666666666
Lampung,2015,1783131,14132,0.7925385179215659,162224187,542,8232115,28110526.48,7659544,11365.0,5150.0,30337.0,14090.0,16173.0,9319.0,15617.333333333334,13120.899219692164,-0.5341661996901473,15539.4,9326.208463250736,0.0029808374733852894,16715.85714285714,8128.243648512886,-0.12619798429481233,15596.0,7047.395121604882,0.5164717244339521,14,1.3817110797565086e-13,-1.0,17,13144.541666666666
Lampung,2016,1783131,16242,0.9108697005435944,162224187,542,9822903,32307611.88,8803164,14132.0,11365.0,5150.0,16755.0,23141.0,14046.0,10215.666666666666,4599.978949225518,2.15378640776699,15547.8,9324.595417497192,-0.03061772605192481,16424.285714285714,8187.354023421013,-0.2981288621926451,16077.3,6728.199958220475,0.15634344297308833,15,-0.5877852522925252,-0.8090169943749096,17,13144.541666666666
Lampung,2017,1783131,11761,0.6595701605770973,162224187,542,7176394,23394275.54,6374462,16242.0,14132.0,11365.0,30337.0,14090.0,15584.0,13913.0,2445.864468850425,0.03484381874175102,15445.2,9310.803762297306,-0.612321587500412,15438.714285714286,7641.074481914304,-0.16529453513129877,16296.9,6690.264709097688,-0.24531570841889117,16,-0.9510565162950955,-0.3090169943751262,17,13144.541666666666
Lampung,2018,1783131,10337,0.5797106325895294,162224187,542,6022118,20561740.18,5602654,11761.0,16242.0,14132.0,5150.0,16755.0,16173.0,14045.0,2241.7664909586338,-0.268539484857062,11730.0,4170.081953632337,1.0071844660194174,15106.0,7759.379012958028,-0.3830498358698896,15914.6,6843.012708840572,-0.3608483274593458,17,-0.9510565162951491,0.3090169943749612,17,13144.541666666666
Lampung,2019,1783131,13177,0.7389810395310271,162224187,542,7359432,26210897.78,7141934,10337.0,11761.0,16242.0,11365.0,30337.0,23141.0,12780.0,3081.5624283770157,-0.18870828715675414,12767.4,2388.5868834961743,0.15943686757589082,14189.142857142857,7909.7781980864875,-0.5656459109338432,15331.0,7063.823075676851,-0.43057776241303314,18,-0.5877852522924816,0.8090169943749413,17,13144.541666666666
Lampung,2020,1783131,9472,0.5312004558274181,162224187,542,4932831,18841134.08,5133824,13177.0,10337.0,11761.0,14132.0,5150.0,14090.0,11758.333333333334,1420.0018779276566,-0.1946263072867953,13129.8,2256.422323061426,-0.3297480894424002,11737.714285714286,3502.193965430334,0.8392233009708738,14334.6,6521.7061026168085,-0.32775017743080204,19,-3.5264875970351066e-14,1.0,17,13144.541666666666
Lampung,2021,1783131,7605,0.4264969876021448,162224187,542,4736570,15127409.7,4121910,9472.0,13177.0,10337.0,16242.0,11365.0,16755.0,10995.333333333334,1938.248780037792,-0.2642933152752249,12197.8,2664.476627784532,-0.5317694865164388,12355.142857142857,2333.064181770044,-0.3308402991641003,13872.8,6701.959179558238,-0.5461056401074307,20,0.5877852522924245,0.8090169943749828,17,13144.541666666666
Lampung,2022,1783131,7023,0.39385777040497866,162224187,542,4211817,13969730.219999999,3806466,7605.0,9472.0,13177.0,11761.0,14132.0,30337.0,10084.666666666666,2836.0741057521554,-0.4670258784245276,10470.4,2134.036503907614,-0.40285689992347584,11818.0,2950.224511242274,-0.5030427398811208,12957.8,6886.801399135285,-0.7685005109272506,21,0.9510565162951273,0.30901699437502833,17,13144.541666666666
Lampung,2023,1783131,21635,1.213315230344826,162224187,542,13073360,43035043.9,11726170,7023.0,7605.0,9472.0,10337.0,16242.0,5150.0,8033.333333333333,1279.4539199665076,1.2841005067567566,9522.8,2446.7139595813696,1.092967011705524,10802.42857142857,3231.1164147679215,0.33204038911464107,10626.4,3426.7461145165416,3.2009708737864075,22,0.9510565162951875,-0.30901699437484287,17,13144.541666666666
Lampung,2024,1783131,12943,0.725858055297115,162224187,542,8411703,25745439.02,7015106,21635.0,7023.0,7605.0,13177.0,11761.0,11365.0,12087.666666666666,8273.35248453238,0.7019066403681788,11782.4,6009.557870593318,-0.01775821507171582,11572.857142857143,4936.959672672236,0.10050165802227706,12274.9,4342.37639624749,0.13884733831940177,23,0.5877852522923983,-0.8090169943750019,17,13144.541666666666
Maluku,2001,4147416,4540,0.10946574927617582,591883031,566,3102087,9430578.8,2569640,14410.5,14240.5,14297.0,14513.5,14205.5,13514.5,15178.666666666668,4017.0082175396165,0.0633849853059043,17240.6,5139.581227977338,0.05911762543411603,17640.071428571428,6234.743617288343,0.041157114531337746,16975.1,7256.98049774816,0.1856132422614606,0,0.5877852522924594,0.8090169943749574,18,10872.5
Maluku,2002,4147416,14596,0.3519299727830534,591883031,566,10272420,30319103.12,8261336,4540.0,14240.5,14297.0,14513.5,14205.5,13514.5,15178.666666666668,4017.0082175396165,0.0633849853059043,17240.6,5139.581227977338,0.05911762543411603,17640.071428571428,6234.743617288343,0.041157114531337746,16975.1,7256.98049774816,0.1856132422614606,1,0.9510565162951407,0.3090169943749873,18,10872.5
Maluku,2003,4147416,4307,0.10384779342125314,591883031,566,2987945,8946586.54,2437762,14596.0,4540.0,14297.0,14513.5,14205.5,13514.5,15178.666666666668,4017.0082175396165,0.0633849853059043,17240.6,5139.581227977338,0.05911762543411603,17640.071428571428,6234.743617288343,0.041157114531337746,16975.1,7256.98049774816,0.1856132422614606,2,0.9510565162951742,-0.3090169943748839,18,10872.5
Maluku,2004,4147416,7367,0.1776286728893364,591883031,566,5165836,15302879.74,4169722,4307.0,14596.0,4540.0,14513.5,14205.5,13514.5,7814.333333333333,5874.250959340912,0.6226872246696036,17240.6,5139.581227977338,0.05911762543411603,17640.071428571428,6234.743617288343,0.041157114531337746,16975.1,7256.98049774816,0.1856132422614606,3,0.5877852522925473,-0.8090169943748935,18,10872.5
Maluku,2005,4147416,5605,0.13514438869889106,591883031,566,3962250,11642818.1,3172430,7367.0,4307.0,14596.0,14513.5,14205.5,13514.5,8756.666666666666,5283.394773563465,-0.6159906823787339,17240.6,5139.581227977338,0.05911762543411603,17640.071428571428,6234.743617288343,0.041157114531337746,16975.1,7256.98049774816,0.1856132422614606,4,-1.1076377890021368e-13,-1.0,18,10872.5
Maluku,2006,4147416,12417,0.29939123541019275,591883031,566,8876804,25792840.74,7028022,5605.0,7367.0,4307.0,4540.0,14205.5,13514.5,5759.666666666667,1535.8519893913654,1.8829811934060832,7283.0,4262.726064387742,1.735022026431718,17640.071428571428,6234.743617288343,0.041157114531337746,16975.1,7256.98049774816,0.1856132422614606,5,-0.5877852522923587,-0.8090169943750306,18,10872.5
Maluku,2007,4147416,4456,0.10744039180058138,591883031,566,3131701,9256092.32,2522096,12417.0,5605.0,7367.0,14596.0,14205.5,13514.5,8463.0,3535.7811018195634,-0.3951404913804806,8858.4,4447.128714126725,-0.6947108796930666,17640.071428571428,6234.743617288343,0.041157114531337746,16975.1,7256.98049774816,0.1856132422614606,6,-0.9510565162951724,-0.30901699437488944,18,10872.5
Maluku,2008,4147416,2934,0.0707428432546916,591883031,566,2001727,6094563.4799999995,1660644,4456.0,12417.0,5605.0,4307.0,4540.0,13514.5,7492.666666666667,4303.120301980599,-0.47653880463871545,6830.4,3354.287077757456,-0.3187833758996982,7612.571428571428,4208.580475542462,-0.3537444933920705,16975.1,7256.98049774816,0.1856132422614606,7,-0.9510565162951424,0.30901699437498176,18,10872.5
Maluku,2009,4147416,13425,0.3236955251173261,591883031,566,9538812,27886678.5,7598550,2934.0,4456.0,12417.0,7367.0,14596.0,13514.5,6602.333333333333,5092.826556374908,0.08117902875090599,6555.8,3655.2129486543854,0.8223157323198045,7383.142857142857,4441.33558849064,-0.08022745957796662,16975.1,7256.98049774816,0.1856132422614606,8,-0.587785252292464,0.809016994374954,18,10872.5
Maluku,2010,4147416,4397,0.10601781928796147,591883031,566,3293506,9133536.34,2488702,13425.0,2934.0,4456.0,5605.0,4307.0,13514.5,6938.333333333333,5668.928852377453,-0.013240574506283687,7767.4,4812.232257488259,-0.2155218554861731,7215.857142857143,4135.932157276466,0.02089621546319953,16975.1,7256.98049774816,0.1856132422614606,9,-1.3703664537718588e-14,1.0,18,10872.5
Maluku,2011,4147416,9380,0.22616491810804606,591883031,566,6986313,19484323.599999998,5309080,4397.0,13425.0,2934.0,12417.0,7367.0,4540.0,6918.666666666667,5681.933855063568,2.1970006816632583,7525.8,4975.4921063157735,-0.24458403801240236,7228.714285714285,4125.509209560074,0.2732455544997965,7404.4,4369.754638423223,1.0660792951541849,10,0.5877852522924419,0.8090169943749701,18,10872.5
Maluku,2012,4147416,11375,0.27426715815341407,591883031,566,8416377,23628377.5,6438250,9380.0,4397.0,13425.0,4456.0,5605.0,14596.0,9067.333333333334,4522.114144215929,-0.15270018621973924,6918.4,4378.687965590908,1.552737881508079,7516.285714285715,4206.126155759582,1.0294380017841211,7888.4,4284.447953551061,-0.2206768977802137,11,0.951056516295134,0.3090169943750078,18,10872.5
Maluku,2013,4147416,4668,0.11255200828660544,591883031,566,3359208,9696462.959999999,2642088,11375.0,9380.0,4397.0,2934.0,12417.0,4307.0,8384.0,3594.041318625088,0.06163293154423477,8302.2,4497.638013447779,0.591002044989775,8340.57142857143,4332.618871512197,-0.62406378352259,7566.3,3820.055934729974,0.08381704202461115,12,0.9510565162951808,-0.30901699437486335,18,10872.5
Maluku,2014,4147416,15224,0.3670719310529737,591883031,566,10167410,31623597.28,8616784,4668.0,11375.0,9380.0,13425.0,4456.0,7367.0,8474.333333333334,3444.000048391072,0.6230277185501065,8649.0,4021.9236069336825,0.1340037243947858,7233.571428571428,4101.257646842494,2.416517055655296,7602.4,3787.398996089111,1.0665128274738698,13,0.5877852522925647,-0.8090169943748808,18,10872.5
Maluku,2015,4147416,48979,1.1809521880611928,591883031,566,30025936,101740158.38,27722114,15224.0,4668.0,11375.0,4397.0,2934.0,5605.0,10422.333333333334,5342.093628280761,3.3058461538461534,9008.8,4595.558910514629,10.139185808505799,8771.857142857143,4838.8991664351015,15.693592365371508,8388.1,4484.041442223377,7.7384478144513835,14,1.3817110797565086e-13,-1.0,18,10872.5
Maluku,2016,4147416,27623,0.6660291612898248,591883031,566,17247408,57379048.06,15634618,48979.0,15224.0,4668.0,9380.0,13425.0,12417.0,22957.0,23145.531901427235,4.917523564695801,17925.2,17771.563597500626,1.9448827292110873,15349.714285714286,15384.765188485286,1.0575791433891992,12725.5,13468.913915218858,1.2246114198276556,15,-0.5877852522925252,-0.8090169943749096,18,10872.5
Maluku,2017,4147416,7333,0.17680888533969102,591883031,566,5231878,15232254.26,4150478,27623.0,48979.0,15224.0,11375.0,4397.0,4456.0,30608.666666666668,17074.415373104875,-0.5183263268523384,21573.8,17448.347792842993,-0.3553406593406594,17378.0,16011.857148169895,0.6677279963611553,14246.1,14265.042231896763,0.6456463195691202,16,-0.9510565162950955,-0.3090169943751262,18,10872.5
Maluku,2018,4147416,11187,0.2697342152318456,591883031,566,7896209,23237860.14,6331842,7333.0,27623.0,48979.0,4668.0,9380.0,2934.0,27978.333333333332,20825.273715687865,-0.7715959901182139,20765.4,18119.717666122975,1.3965295629820051,17797.428571428572,15649.502855334205,0.19264392324093826,14533.8,14073.379320942484,2.812883435582822,17,-0.9510565162951491,0.3090169943749612,18,10872.5
Maluku,2019,4147416,17179,0.4142097151575825,591883031,566,12066806,35684562.38,9723314,11187.0,7333.0,27623.0,15224.0,11375.0,13425.0,15381.0,10775.585923743787,-0.37809072150019907,22069.2,16862.804191474468,0.12841565948502365,18055.571428571428,15501.71945148172,0.5102417582417582,15359.1,13549.803438099441,0.27962756052141535,18,-0.5877852522924816,0.8090169943749413,18,10872.5
Maluku,2020,4147416,5660,0.13647051561743506,591883031,566,3871305,11757065.2,3203560,17179.0,11187.0,7333.0,48979.0,4668.0,4397.0,11899.666666666666,4961.536993041393,-0.22814673394245188,22460.2,16686.143568842046,-0.884440270319933,18884.714285714286,15237.813893014993,0.21251071122536414,15734.5,13542.265527271697,0.2872413008869683,19,-3.5264875970351066e-14,1.0,18,10872.5
Maluku,2021,4147416,3727,0.0898631822802439,591883031,566,2647823,7741798.9399999995,2109482,5660.0,17179.0,11187.0,27623.0,15224.0,9380.0,11342.0,5761.064051022591,-0.6668454456065076,13796.4,8907.89485793416,-0.8650762046120986,19026.428571428572,15087.430506410947,-0.7551891749868629,15860.8,13430.205291722015,-0.6026652452025587,20,0.5877852522924245,0.8090169943749828,18,10872.5
Maluku,2022,4147416,5059,0.1219795651075272,591883031,566,3614175,10508655.98,2863394,3727.0,5660.0,17179.0,7333.0,48979.0,11375.0,8855.333333333334,7273.01122873586,-0.7055125443855871,9017.2,5324.860298637932,-0.3101050047729442,17384.0,16158.147614544167,-0.896710835255926,15295.5,13845.84342160404,-0.5552527472527473,21,0.9510565162951273,0.30901699437502833,18,10872.5
Maluku,2023,4147416,14304,0.3448894444155108,591883031,566,9332047,29712554.88,8096064,5059.0,3727.0,5660.0,11187.0,27623.0,4668.0,4815.333333333333,989.2685850250633,1.527208480565371,8562.4,5594.934119362845,0.27862697774202205,11109.714285714286,8608.22646686472,-0.48217065488904176,14663.9,14184.470565062747,2.06426735218509,22,0.9510565162951875,-0.30901699437484287,18,10872.5
Maluku,2024,4147416,5198,0.12533104950166563,591883031,566,3611267,10797389.56,2942068,14304.0,5059.0,3727.0,17179.0,7333.0,15224.0,7696.666666666667,5760.7461611598355,0.39468741615240144,9185.8,6110.389897544217,-0.6974212701554223,9207.0,5111.783478728575,-0.29114959770898674,15627.5,13750.63274705803,-0.6585654230162901,23,0.5877852522923983,-0.8090169943750019,18,10872.5
Maluku Utara,2001,3073260,7354,0.2392898745957062,457822346,589,5328270,15896627.02,4331506,14410.5,14240.5,14297.0,14513.5,14205.5,13514.5,15178.666666666668,4017.0082175396165,0.0633849853059043,17240.6,5139.581227977338,0.05911762543411603,17640.071428571428,6234.743617288343,0.041157114531337746,16975.1,7256.98049774816,0.1856132422614606,0,0.5877852522924594,0.8090169943749574,19,12216.416666666666
Maluku Utara,2002,3073260,23402,0.7614715318586778,457822346,589,16856591,50586465.26,13783778,7354.0,14240.5,14297.0,14513.5,14205.5,13514.5,15178.666666666668,4017.0082175396165,0.0633849853059043,17240.6,5139.581227977338,0.05911762543411603,17640.071428571428,6234.743617288343,0.041157114531337746,16975.1,7256.98049774816,0.1856132422614606,1,0.9510565162951407,0.3090169943749873,19,12216.416666666666
Maluku Utara,2003,3073260,10039,0.32665638442565875,457822346,589,6295815,21700603.57,5912971,23402.0,7354.0,14297.0,14513.5,14205.5,13514.5,15178.666666666668,4017.0082175396165,0.0633849853059043,17240.6,5139.581227977338,0.05911762543411603,17640.071428571428,6234.743617288343,0.041157114531337746,16975.1,7256.98049774816,0.1856132422614606,2,0.9510565162951742,-0.3090169943748839,19,12216.416666666666
Maluku Utara,2004,3073260,12043,0.3918640141087965,457822346,589,9026573,26032510.09,7093327,10039.0,23402.0,7354.0,14513.5,14205.5,13514.5,13598.333333333334,8595.709181522976,0.6376121838455262,17240.6,5139.581227977338,0.05911762543411603,17640.071428571428,6234.743617288343,0.041157114531337746,16975.1,7256.98049774816,0.1856132422614606,3,0.5877852522925473,-0.8090169943748935,19,12216.416666666666
Maluku Utara,2005,3073260,6418,0.20883361642034842,457822346,589,4839832,13873341.34,3780202,12043.0,10039.0,23402.0,14513.5,14205.5,13514.5,15161.333333333334,7206.6250307143455,-0.7257499359029143,17240.6,5139.581227977338,0.05911762543411603,17640.071428571428,6234.743617288343,0.041157114531337746,16975.1,7256.98049774816,0.1856132422614606,4,-1.1076377890021368e-13,-1.0,19,12216.416666666666
Maluku Utara,2006,3073260,16112,0.524264136454449,457822346,589,12155350,34828182.56,9489968,6418.0,12043.0,10039.0,7354.0,14205.5,13514.5,9500.0,2850.9729918020316,0.6049407311485209,11851.2,6827.999465437158,1.1909165080228448,17640.071428571428,6234.743617288343,0.041157114531337746,16975.1,7256.98049774816,0.1856132422614606,5,-0.5877852522923587,-0.8090169943750306,19,12216.416666666666
Maluku Utara,2007,3073260,5353,0.17417986112466893,457822346,589,4015715,11571205.39,3152917,16112.0,6418.0,12043.0,23402.0,14205.5,13514.5,11524.333333333334,4867.768516817348,-0.5555094245619863,13602.8,6501.4498921402055,-0.7712588667635245,17640.071428571428,6234.743617288343,0.041157114531337746,16975.1,7256.98049774816,0.1856132422614606,6,-0.9510565162951724,-0.30901699437488944,19,12216.416666666666
Maluku Utara,2008,3073260,4956,0.16126198239003534,457822346,589,3739948,10713038.28,2919084,5353.0,16112.0,6418.0,10039.0,7354.0,13514.5,9294.333333333334,5928.236696802679,-0.22779682143970081,9993.0,4357.665716873005,-0.5063253312082876,11531.57142857143,6405.104601210596,-0.3260810443296165,16975.1,7256.98049774816,0.1856132422614606,7,-0.9510565162951424,0.30901699437498176,19,12216.416666666666
Maluku Utara,2009,3073260,13474,0.4384269472807377,457822346,589,10187823,29125802.62,7936186,4956.0,5353.0,16112.0,12043.0,23402.0,13514.5,8807.0,6329.428963183374,-0.1637288977159881,8976.4,4903.031643790446,0.11882421323590475,11189.0,6722.062431531089,-0.42423724467994184,16975.1,7256.98049774816,0.1856132422614606,8,-0.587785252292464,0.809016994374954,19,12216.416666666666
Maluku Utara,2010,3073260,6067,0.19741251960458928,457822346,589,4719712,13114609.209999999,3573463,13474.0,4956.0,5353.0,6418.0,10039.0,13514.5,7927.666666666667,4807.365425398595,0.1333831496357183,9262.6,5161.726823458444,-0.05468993455905269,9770.714285714286,4341.655894336948,-0.39565693794202605,16975.1,7256.98049774816,0.1856132422614606,9,-1.3703664537718588e-14,1.0,19,12216.416666666666
Maluku Utara,2011,3073260,5746,0.18696758490983517,457822346,589,4375824,12420725.98,3384394,6067.0,13474.0,4956.0,16112.0,12043.0,7354.0,8165.666666666667,4630.592006786804,0.15940274414850686,9192.4,5212.225177408437,-0.6433714001986097,9203.285714285714,4555.062228425752,-0.5228763597110355,10521.8,5895.652971094591,-0.2186565134620615,10,0.5877852522924419,0.8090169943749701,19,12216.416666666666
Maluku Utara,2012,3073260,9010,0.2931740236751853,457822346,589,6856331,19476286.3,5306890,5746.0,6067.0,13474.0,5353.0,6418.0,23402.0,8429.0,4372.04517359834,-0.33130473504527236,7119.2,3576.84158162067,0.6831683168316831,8303.714285714286,4522.458723397188,0.4038641321283889,10361.0,6012.4247096250465,-0.6149901717801898,11,0.951056516295134,0.3090169943750078,19,12216.416666666666
Maluku Utara,2013,3073260,6781,0.2206451780845096,457822346,589,5370606,14658013.03,3994009,9010.0,5746.0,6067.0,4956.0,16112.0,10039.0,6941.0,1798.9805446375397,0.11768584143728367,7850.6,3498.4323346336955,0.3682405165456013,8674.0,4447.8260232840275,-0.5791335650446872,8921.8,3892.8397461120844,-0.32453431616694894,12,0.9510565162951808,-0.30901699437486335,19,12216.416666666666
Maluku Utara,2014,3073260,17979,0.5850139591183303,457822346,589,14161059,38863945.769999996,10589631,6781.0,9010.0,5746.0,13474.0,5353.0,12043.0,7179.0,1668.000899275658,2.1289592760180995,8215.6,3203.721476659687,0.33434763247736377,7341.0,3014.4186836054773,2.3586773771716794,8596.0,3925.150301441976,0.4929004400896786,13,0.5877852522925647,-0.8090169943748808,19,12216.416666666666
Maluku Utara,2015,3073260,45451,1.4789181520600274,457822346,589,32210077,98248245.13,26770639,17979.0,6781.0,9010.0,6067.0,4956.0,6418.0,11256.666666666666,5927.430668790497,4.044506104328524,9116.6,5115.406367045576,6.491511455414537,9144.714285714286,4847.018386406672,8.17090395480226,9189.6,4845.347303229147,6.081801184169524,14,1.3817110797565086e-13,-1.0,19,12216.416666666666
Maluku Utara,2016,3073260,26859,0.8739579469358272,457822346,589,16672860,58059220.17,15819951,45451.0,17979.0,6781.0,5746.0,13474.0,16112.0,23403.666666666668,19897.549631382237,2.960920218256894,16993.4,16623.313457310775,3.6743821789070656,14929.714285714286,14185.080210259492,0.9933946860620455,13092.9,12320.472433673536,0.6670183714001987,15,-0.5877852522925252,-0.8090169943749096,19,12216.416666666666
Maluku Utara,2017,3073260,10589,0.3445526899774181,457822346,589,8189078,22889500.07,6236921,26859.0,45451.0,17979.0,9010.0,6067.0,5353.0,30096.333333333332,14019.199026097038,-0.41103509650147396,21216.0,15708.377573766458,0.17524972253052162,16841.85714285714,14843.032736256764,0.7453436624361298,14167.6,13059.637192511149,0.9781430973286007,16,-0.9510565162950955,-0.3090169943751262,19,12216.416666666666
Maluku Utara,2018,3073260,12375,0.4026668749145858,457822346,589,9463775,26750171.25,7288875,10589.0,26859.0,45451.0,6781.0,5746.0,4956.0,27633.0,17443.88339791305,-0.7277287628435019,21531.8,15414.770098837314,0.8249520719657868,17487.85714285714,14387.339277165056,1.153672119735468,14691.2,12768.688906854157,1.4969733656174333,17,-0.9510565162951491,0.3090169943749612,19,12216.416666666666
Maluku Utara,2019,3073260,14166,0.46094375353858774,457822346,589,10846791,30621650.58,8343774,12375.0,10589.0,26859.0,17979.0,9010.0,13474.0,16607.666666666668,8922.714011628897,-0.4725790237909081,22650.6,14234.314763978238,-0.21208076088770234,18434.85714285714,13686.767483336693,0.5722530521642619,15433.1,12348.82475244859,0.051358171292860355,18,-0.5877852522924816,0.8090169943749413,19,12216.416666666666
Maluku Utara,2020,3073260,7423,0.24153504747401783,457822346,589,5722695,16045779.49,4372147,14166.0,12375.0,10589.0,45451.0,6781.0,6067.0,12376.666666666666,1788.5005824204247,-0.2989895174237416,21888.0,14643.42569209845,-0.8366812611383688,19171.428571428572,13226.003879445705,0.09467630143046746,15502.3,12338.561225776793,0.22350420306576568,19,-3.5264875970351066e-14,1.0,19,12216.416666666666
Maluku Utara,2021,3073260,6041,0.19656651243305157,457822346,589,4726723,13058406.83,3558149,7423.0,14166.0,12375.0,26859.0,17979.0,5746.0,11321.333333333334,3492.802933650578,-0.5118383838383838,14282.4,7458.471076568563,-0.7750847015897837,19263.14285714286,13127.623832067084,-0.6639968852550198,15637.9,12230.322821669202,0.05134006265227975,20,0.5877852522924245,0.8090169943749828,19,12216.416666666666
Maluku Utara,2022,3073260,6358,0.20688129217833834,457822346,589,4975151,13743643.54,3744862,6041.0,7423.0,14166.0,10589.0,45451.0,9010.0,9210.0,4347.290305464373,-0.5511788790060709,10118.8,3375.912646975675,-0.3995655869298328,17557.714285714286,14064.27908704037,-0.8601130888209281,15667.4,12204.139864088846,-0.2943396226415095,21,0.9510565162951273,0.30901699437502833,19,12216.416666666666
Maluku Utara,2023,3073260,11895,0.3870482809785049,457822346,589,9333767,25712588.849999998,7006155,6358.0,6041.0,7423.0,12375.0,26859.0,6781.0,6607.333333333333,723.9518860515311,0.6024518388791593,9272.6,3739.298102586956,-0.038787878787878816,11973.0,7256.016515053883,-0.5571316877024461,15402.2,12392.246283687873,0.7541660522046896,22,0.9510565162951875,-0.30901699437484287,19,12216.416666666666
Maluku Utara,2024,3073260,7303,0.2376303989899976,457822346,589,5735495,15786383.89,4301467,11895.0,6358.0,6041.0,14166.0,10589.0,17979.0,8098.0,3292.116188712725,0.2089058102963086,9176.6,3644.7022237777423,-0.4844698574050543,9835.285714285714,3222.9123845000977,-0.3103220322976674,15913.6,12098.989739277053,-0.5938038823071361,23,0.5877852522923983,-0.8090169943750019,19,12216.416666666666
Nusa Tenggara Barat,2001,1134688,2882,0.2539905242674638,127759207,565,1778858,5975971.1,1628330,14410.5,14240.5,14297.0,14513.5,14205.5,13514.5,15178.666666666668,4017.0082175396165,0.0633849853059043,17240.6,5139.581227977338,0.05911762543411603,17640.071428571428,6234.743617288343,0.041157114531337746,16975.1,7256.98049774816,0.1856132422614606,0,0.5877852522924594,0.8090169943749574,20,4288.666666666667
Nusa Tenggara Barat,2002,1134688,2675,0.23574762401646973,127759207,565,1611040,5546746.25,1511375,2882.0,14240.5,14297.0,14513.5,14205.5,13514.5,15178.666666666668,4017.0082175396165,0.0633849853059043,17240.6,5139.581227977338,0.05911762543411603,17640.071428571428,6234.743617288343,0.041157114531337746,16975.1,7256.98049774816,0.1856132422614606,1,0.9510565162951407,0.3090169943749873,20,4288.666666666667
Nusa Tenggara Barat,2003,1134688,1719,0.1514953890408641,127759207,565,977513,3564432.4499999997,971235,2675.0,2882.0,14297.0,14513.5,14205.5,13514.5,15178.666666666668,4017.0082175396165,0.0633849853059043,17240.6,5139.581227977338,0.05911762543411603,17640.071428571428,6234.743617288343,0.041157114531337746,16975.1,7256.98049774816,0.1856132422614606,2,0.9510565162951742,-0.3090169943748839,20,4288.666666666667
Nusa Tenggara Barat,2004,1134688,4554,0.4013438055218703,127759207,565,2760908,9442946.7,2573010,1719.0,2675.0,2882.0,14513.5,14205.5,13514.5,2425.3333333333335,620.3969159474539,0.5801526717557253,17240.6,5139.581227977338,0.05911762543411603,17640.071428571428,6234.743617288343,0.041157114531337746,16975.1,7256.98049774816,0.1856132422614606,3,0.5877852522925473,-0.8090169943748935,20,4288.666666666667
Nusa Tenggara Barat,2005,1134688,2035,0.1793444541583237,127759207,565,1226044,4219674.25,1149775,4554.0,1719.0,2675.0,14513.5,14205.5,13514.5,2982.6666666666665,1442.324628271033,-0.2392523364485981,17240.6,5139.581227977338,0.05911762543411603,17640.071428571428,6234.743617288343,0.041157114531337746,16975.1,7256.98049774816,0.1856132422614606,4,-1.1076377890021368e-13,-1.0,20,4288.666666666667
Nusa Tenggara Barat,2006,1134688,2486,0.21909106291773597,127759207,565,1439702,5154845.3,1404590,2035.0,4554.0,1719.0,2882.0,14205.5,13514.5,2769.3333333333335,1553.6216828163638,0.4461896451425247,2773.0,1101.0229334628575,-0.13740458015267176,17640.071428571428,6234.743617288343,0.041157114531337746,16975.1,7256.98049774816,0.1856132422614606,5,-0.5877852522923587,-0.8090169943750306,20,4288.666666666667
Nusa Tenggara Barat,2007,1134688,1993,0.17564299613638287,127759207,565,1169479,4132585.15,1126045,2486.0,2035.0,4554.0,2675.0,14205.5,13514.5,3025.0,1343.2166615940425,-0.562362758014932,2693.8,1105.4558788170448,-0.25495327102803733,17640.071428571428,6234.743617288343,0.041157114531337746,16975.1,7256.98049774816,0.1856132422614606,6,-0.9510565162951724,-0.30901699437488944,20,4288.666666666667
Nusa Tenggara Barat,2008,1134688,2735,0.24103542119067092,127759207,565,1510575,5671159.25,1545275,1993.0,2486.0,2035.0,1719.0,2882.0,13514.5,2171.3333333333335,273.31727592138157,0.34398034398034394,2557.4,1149.5513472703951,0.5910413030831878,2620.5714285714284,946.672568765271,-0.05100624566273426,16975.1,7256.98049774816,0.1856132422614606,7,-0.9510565162951424,0.30901699437498176,20,4288.666666666667
Nusa Tenggara Barat,2009,1134688,1952,0.17202966806734538,127759207,565,1098667,4047569.6,1102880,2735.0,1993.0,2486.0,4554.0,2675.0,13514.5,2404.6666666666665,377.62724122752337,-0.21480289621882542,2760.6,1049.767736221283,-0.5713658322353974,2599.5714285714284,941.5232086638359,-0.2702803738317757,16975.1,7256.98049774816,0.1856132422614606,8,-0.587785252292464,0.809016994374954,20,4288.666666666667
Nusa Tenggara Barat,2010,1134688,1146,0.10099692602724274,127759207,565,707131,2376288.3,647490,1952.0,2735.0,1993.0,2035.0,1719.0,13514.5,2226.6666666666665,440.70662953612424,-0.42498745609633715,2240.2,350.5420089107962,-0.4368550368550369,2496.285714285714,971.0629424331727,-0.33333333333333337,16975.1,7256.98049774816,0.1856132422614606,9,-1.3703664537718588e-14,1.0,20,4288.666666666667
Nusa Tenggara Barat,2011,1134688,2327,0.20507840040610284,127759207,565,1275580,4825150.85,1314755,1146.0,1952.0,2735.0,2486.0,4554.0,2882.0,1944.3333333333333,794.5277423205937,-0.1491773308957952,2062.4,610.0453261940764,-0.06395816572807722,2414.4285714285716,1066.9249985133526,-0.48902064119455424,2417.7,918.9370731809984,-0.19257460097154755,10,0.5877852522924419,0.8090169943749701,20,4288.666666666667
Nusa Tenggara Barat,2012,1134688,3118,0.27478919315265515,127759207,565,1889978,6465328.899999999,1761670,2327.0,1146.0,1952.0,1993.0,2035.0,2675.0,1808.3333333333333,603.4652710115512,0.5973360655737705,2030.6,586.1188446136507,0.564475664826894,2096.285714285714,508.485894429525,0.5321867321867322,2362.2,904.424777303121,0.165607476635514,11,0.951056516295134,0.3090169943750078,20,4288.666666666667
Nusa Tenggara Barat,2013,1134688,1540,0.13572012747116388,127759207,565,807484,3193267.0,870100,3118.0,2327.0,1146.0,2735.0,2486.0,1719.0,2197.0,992.4066706666949,0.34380453752181506,2255.6,758.6239516461467,-0.4369287020109689,2251.0,635.6015523936063,-0.38053097345132747,2406.5,931.8811619632712,-0.10413030831879,12,0.9510565162951808,-0.30901699437486335,20,4288.666666666667
Nusa Tenggara Barat,2014,1134688,7148,0.6299529033531684,127759207,565,3754861,14821735.4,4038620,1540.0,3118.0,2327.0,1952.0,1993.0,4554.0,2328.3333333333335,789.0008449406768,2.0717662226042113,2016.6,758.0724239881322,2.6618852459016393,2115.8571428571427,676.5583071170026,2.586552935273457,2388.6,948.131753631446,0.5696091348265262,13,0.5877852522925647,-0.8090169943748808,20,4288.666666666667
Nusa Tenggara Barat,2015,1134688,4435,0.39085634112637124,127759207,565,2368835,9196194.25,2505775,7148.0,1540.0,3118.0,1146.0,2735.0,2035.0,3935.3333333333335,2891.961502737766,0.42238614496472104,3055.8,2409.673463357872,2.869982547993019,2852.285714285714,2010.69910847782,0.6215722120658136,2648.0,1679.306470613452,1.1793611793611793,14,1.3817110797565086e-13,-1.0,20,4288.666666666667
Nusa Tenggara Barat,2016,1134688,4028,0.3549874502947066,127759207,565,2181863,8352259.399999999,2275820,4435.0,7148.0,1540.0,2327.0,1952.0,2486.0,4374.333333333333,2804.492170307724,1.6155844155844155,3713.6,2197.581466069244,0.7309840996991834,3095.1428571428573,2095.0670974765085,1.0635245901639343,2888.0,1751.8952277207802,0.6202735317779566,15,-0.5877852522925252,-0.8090169943749096,20,4288.666666666667
Nusa Tenggara Barat,2017,1134688,6195,0.545965058236273,127759207,565,3398339,12845642.25,3500175,4028.0,4435.0,7148.0,3118.0,1146.0,1993.0,5203.666666666667,1696.094435259257,-0.1333240067151651,4053.8,2056.3903326000654,0.9868505452212957,3391.714285714286,2052.786781792,4.4057591623036645,3042.2,1780.213832355772,2.1083793276467637,16,-0.9510565162950955,-0.3090169943751262,20,4288.666666666667
Nusa Tenggara Barat,2018,1134688,8144,0.7177303364449082,127759207,565,4504920,16886991.2,4601360,6195.0,4028.0,4435.0,1540.0,2327.0,2735.0,4886.0,1151.747802248413,0.8363021420518602,4669.2,2163.931306675639,4.288311688311689,4113.0,2018.9522035132734,2.4997851310700474,3462.4,1988.748864101832,1.9776965265082267,17,-0.9510565162951491,0.3090169943749612,20,4288.666666666667
Nusa Tenggara Barat,2019,1134688,8705,0.7671712400236893,127759207,565,4815213,18050252.75,4918325,8144.0,6195.0,4028.0,7148.0,3118.0,1952.0,6122.333333333333,2058.9619552865756,1.1611221449851041,5990.0,1752.8672225844102,0.2178231673195299,4944.0,2333.889671786303,1.791853752405388,4003.3,2450.8193210569925,3.45952868852459,18,-0.5877852522924816,0.8090169943749413,20,4288.666666666667
Nusa Tenggara Barat,2020,1134688,6598,0.5814814292563243,127759207,565,3713738,13681282.9,3727870,8705.0,8144.0,6195.0,4435.0,1540.0,1146.0,7681.333333333333,1317.410465009934,0.06505246166263112,6301.4,2111.6098834800778,0.48771138669673064,5742.142857142857,2550.6164894513136,3.2844155844155845,4678.6,2736.5121434287184,4.7574171029668415,19,-3.5264875970351066e-14,1.0,20,4288.666666666667
Nusa Tenggara Barat,2021,1134688,4816,0.42443385318254884,127759207,565,2851398,9986216.799999999,2721040,6598.0,8705.0,8144.0,4028.0,7148.0,2327.0,7815.666666666667,1091.198576482624,-0.4086444007858546,6734.0,1837.4162565980243,0.19563058589870908,6464.714285714285,1753.7382657717455,-0.32624510352546165,5223.8,2486.1592779983375,1.069617533304684,20,0.5877852522924245,0.8090169943749828,20,4288.666666666667
Nusa Tenggara Barat,2022,1134688,5616,0.49493781550523136,127759207,565,3339140,11645056.799999999,3173040,4816.0,6598.0,8705.0,6195.0,4435.0,3118.0,6706.333333333333,1946.7620125011642,-0.3548535324526134,6891.6,1560.1677153468725,-0.09346246973365613,6131.571428571428,1822.4561135414485,0.26629086809470115,5472.7,2279.9666201307678,0.8011545862732521,21,0.9510565162951273,0.30901699437502833,20,4288.666666666667
Nusa Tenggara Barat,2023,1134688,9928,0.8749541724244904,127759207,565,5833652,20586204.4,5609320,5616.0,4816.0,6598.0,8144.0,4028.0,1540.0,5676.666666666667,892.5476644513001,0.5046983934525613,6775.8,1644.0307783039502,0.21905697445972505,6300.285714285715,1688.9979982716045,1.464746772591857,5722.5,2124.8830686833458,5.4467532467532465,22,0.9510565162951875,-0.30901699437484287,20,4288.666666666667
Nusa Tenggara Barat,2024,1134688,6153,0.5422636002143321,127759207,565,3756477,12758553.15,3476445,9928.0,5616.0,4816.0,8705.0,6195.0,7148.0,6786.666666666667,2749.7238649212745,0.2776162790697674,7132.6,2135.369476229032,-0.2931648477886273,7143.142857142857,1832.141591033217,-0.006779661016949157,6561.3,1937.7312650563915,-0.13919977616116397,23,0.5877852522923983,-0.8090169943750019,20,4288.666666666667
Nusa Tenggara Timur,2001,2298069,4725,0.2056074034330562,214376729,428,2770322,7421841.0,2022300,14410.5,14240.5,14297.0,14513.5,14205.5,13514.5,15178.666666666668,4017.0082175396165,0.0633849853059043,17240.6,5139.581227977338,0.05911762543411603,17640.071428571428,6234.743617288343,0.041157114531337746,16975.1,7256.98049774816,0.1856132422614606,0,0.5877852522924594,0.8090169943749574,21,6147.75
Nusa Tenggara Timur,2002,2298069,4608,0.2005161724909043,214376729,428,2645752,7238062.08,1972224,4725.0,14240.5,14297.0,14513.5,14205.5,13514.5,15178.666666666668,4017.0082175396165,0.0633849853059043,17240.6,5139.581227977338,0.05911762543411603,17640.071428571428,6234.743617288343,0.041157114531337746,16975.1,7256.98049774816,0.1856132422614606,1,0.9510565162951407,0.3090169943749873,21,6147.75
Nusa Tenggara Timur,2003,2298069,3848,0.16744492876410588,214376729,428,2203796,6044284.4799999995,1646944,4608.0,4725.0,14297.0,14513.5,14205.5,13514.5,15178.666666666668,4017.0082175396165,0.0633849853059043,17240.6,5139.581227977338,0.05911762543411603,17640.071428571428,6234.743617288343,0.041157114531337746,16975.1,7256.98049774816,0.1856132422614606,2,0.9510565162951742,-0.3090169943748839,21,6147.75
Nusa Tenggara Timur,2004,2298069,4686,0.2039103264523389,214376729,428,2597500,7360581.359999999,2005608,3848.0,4608.0,4725.0,14513.5,14205.5,13514.5,4393.666666666667,476.1683875661317,-0.008253968253968291,17240.6,5139.581227977338,0.05911762543411603,17640.071428571428,6234.743617288343,0.041157114531337746,16975.1,7256.98049774816,0.1856132422614606,3,0.5877852522925473,-0.8090169943748935,21,6147.75
Nusa Tenggara Timur,2005,2298069,5052,0.21983674119445498,214376729,428,2827115,7935479.52,2162256,4686.0,3848.0,4608.0,14513.5,14205.5,13514.5,4380.666666666667,462.9485212389477,0.09635416666666674,17240.6,5139.581227977338,0.05911762543411603,17640.071428571428,6234.743617288343,0.041157114531337746,16975.1,7256.98049774816,0.1856132422614606,4,-1.1076377890021368e-13,-1.0,21,6147.75
Nusa Tenggara Timur,2006,2298069,6987,0.30403786831465895,214376729,428,3875489,10974900.12,2990436,5052.0,4686.0,3848.0,4725.0,14205.5,13514.5,4528.666666666667,617.2271326807859,0.8157484407484408,4583.8,444.8541334088615,0.4787301587301587,17640.071428571428,6234.743617288343,0.041157114531337746,16975.1,7256.98049774816,0.1856132422614606,5,-0.5877852522923587,-0.8090169943750306,21,6147.75
Nusa Tenggara Timur,2007,2298069,5033,0.219009960101285,214376729,428,2666704,7905635.08,2154124,6987.0,5052.0,4686.0,4608.0,14205.5,13514.5,5575.0,1236.4453081249187,0.07405036278275712,5036.2,1175.1260357982444,0.09223090277777768,17640.071428571428,6234.743617288343,0.041157114531337746,16975.1,7256.98049774816,0.1856132422614606,6,-0.9510565162951724,-0.30901699437488944,21,6147.75
Nusa Tenggara Timur,2008,2298069,4451,0.1936843497736578,214376729,428,2386126,6991452.76,1905028,5033.0,6987.0,5052.0,3848.0,4725.0,13514.5,5690.666666666667,1122.6977925147405,-0.11896278701504359,5121.2,1151.5440503996738,0.15670478170478175,4991.285714285715,966.6453528393954,-0.057989417989418035,16975.1,7256.98049774816,0.1856132422614606,7,-0.9510565162951424,0.30901699437498176,21,6147.75
Nusa Tenggara Timur,2009,2298069,5917,0.25747703833087693,214376729,428,3216577,9294186.92,2532476,4451.0,5033.0,6987.0,4686.0,4608.0,13514.5,5490.333333333333,1328.416099464866,-0.15314154859023899,5241.8,1007.4252825946313,0.2626973965002135,4952.142857142857,984.6060851568607,0.2840711805555556,16975.1,7256.98049774816,0.1856132422614606,8,-0.587785252292464,0.809016994374954,21,6147.75
Nusa Tenggara Timur,2010,2298069,1779,0.07741281919733481,214376729,428,1012675,2794382.04,761412,5917.0,4451.0,5033.0,5052.0,3848.0,13514.5,5133.666666666667,738.1661962711441,-0.6465328829723822,5488.0,987.8679061548887,-0.6478622327790974,5139.142857142857,1031.5382411369176,-0.5376819126819127,16975.1,7256.98049774816,0.1856132422614606,9,-1.3703664537718588e-14,1.0,21,6147.75
Nusa Tenggara Timur,2011,2298069,7816,0.3401116328534957,214376729,428,4071094,12277060.16,3345248,1779.0,5917.0,4451.0,6987.0,4686.0,4725.0,4049.0,2098.0857942381567,0.7560098854190069,4833.4,1957.5246614055518,0.11864891942178324,4843.571428571428,1601.8946966384644,0.6679470763977806,4708.6,1344.7404706318102,0.6541798941798942,10,0.5877852522924419,0.8090169943749701,21,6147.75
Nusa Tenggara Timur,2012,2298069,4649,0.20230027906037634,214376729,428,2722862,7302463.24,1989772,7816.0,1779.0,5917.0,5033.0,5052.0,4608.0,5170.666666666667,3086.924413282161,-0.2142977860402231,4999.2,2204.9984580518194,-0.07629644347307774,5290.714285714285,1949.672854138838,-0.07977038796516234,5017.7,1665.839131228703,0.00889756944444442,11,0.951056516295134,0.3090169943750078,21,6147.75
Nusa Tenggara Timur,2013,2298069,2105,0.09159864216435624,214376729,428,989957,3306449.8,900940,4649.0,7816.0,1779.0,4451.0,6987.0,3848.0,4748.0,3019.7173708782802,0.18324901630129276,4922.4,2210.208089753295,-0.5270725679622557,5233.142857142857,1963.7955111453118,-0.6987262058107915,5021.8,1664.7688394820998,-0.452962577962578,12,0.9510565162951808,-0.30901699437486335,21,6147.75
Nusa Tenggara Timur,2014,2298069,9175,0.39924823841233664,214376729,428,4282692,14411723.0,3926900,2105.0,4649.0,7816.0,5917.0,5033.0,4686.0,4856.666666666667,2861.1578658503586,0.1738741044012282,4453.2,2557.0911598945713,0.5506168666553997,4535.714285714285,2099.3401117572266,0.8229684085038744,4847.5,1878.806018613222,0.9579598804950917,13,0.5877852522925647,-0.8090169943748808,21,6147.75
Nusa Tenggara Timur,2015,2298069,7422,0.3229668038688133,214376729,428,3495774,11658180.72,3176616,9175.0,2105.0,4649.0,1779.0,4451.0,5052.0,5309.666666666667,3581.00339755737,0.5964723596472359,5104.8,3323.5761161752994,3.1720067453625633,5127.428571428572,2746.7608716058617,0.6674904515839137,5296.4,2320.3273332344697,0.4691211401425177,14,1.3817110797565086e-13,-1.0,21,6147.75
Nusa Tenggara Timur,2016,2298069,7367,0.3205734901780582,214376729,428,3418512,11571788.92,3153076,7422.0,9175.0,2105.0,7816.0,5917.0,6987.0,6234.0,3681.6752980109745,2.4997624703087884,6233.4,2833.9201294339186,-0.05744626407369502,5551.857142857143,2852.329365552714,0.2450566165286463,5533.4,2411.823293697451,0.05438671819092611,15,-0.5877852522925252,-0.8090169943749096,21,6147.75
Nusa Tenggara Timur,2017,2298069,10350,0.4503781218057421,214376729,428,4900375,16257366.0,4429800,7367.0,7422.0,9175.0,4649.0,1779.0,5033.0,7988.0,1028.3399243364952,0.12806539509536785,6143.6,2777.792252853112,1.2262852226285221,5759.0,2934.7275285343144,4.81787521079258,5571.4,2440.098367784803,1.0564275779852972,16,-0.9510565162950955,-0.3090169943751262,21,6147.75
Nusa Tenggara Timur,2018,2298069,5184,0.22558069405226736,214376729,428,2500304,8142819.84,2218752,10350.0,7367.0,7422.0,2105.0,7816.0,4451.0,8379.666666666666,1706.580303799902,-0.301535974130962,7283.8,3155.321330706373,1.46270783847981,6983.428571428572,2781.4282216967113,-0.33674513817809626,6103.1,2853.9410353675635,0.1646820939114806,17,-0.9510565162951491,0.3090169943749612,21,6147.75
Nusa Tenggara Timur,2019,2298069,7794,0.33915430737719365,214376729,428,3871869,12242503.44,3335832,5184.0,10350.0,7367.0,9175.0,4649.0,5917.0,7633.666666666667,2593.30336314857,0.05796117822722957,7899.6,1969.6035895607429,-0.15051771117166213,6607.428571428572,2827.637226693766,0.6764895676489568,6176.4,2815.954474067636,0.3172215649822545,18,-0.5877852522924816,0.8090169943749413,21,6147.75
Nusa Tenggara Timur,2020,2298069,6516,0.2835424001629194,214376729,428,3298605,10235072.16,2788848,7794.0,5184.0,10350.0,7422.0,2105.0,1779.0,7776.0,2583.0470378962063,-0.37043478260869567,7623.4,1838.5066766293223,-0.12206952303961194,7056.714285714285,2712.0932699359464,2.095486935866983,6364.1,2858.9707724632813,2.6627318718381114,19,-3.5264875970351066e-14,1.0,21,6147.75
Nusa Tenggara Timur,2021,2298069,9791,0.42605335174879433,214376729,428,5171428,15379311.16,4190548,6516.0,7794.0,5184.0,7367.0,9175.0,7816.0,6498.0,1305.0931001213005,0.888695987654321,7442.2,1906.7008679944047,0.3290348852993077,7686.857142857143,1689.479054697092,0.06713896457765678,6837.8,2364.539880075169,0.2526867963152508,20,0.5877852522924245,0.8090169943749828,21,6147.75
Nusa Tenggara Timur,2022,2298069,7000,0.30460356064156474,214376729,428,3646502,10995320.0,2996000,9791.0,6516.0,7794.0,10350.0,7422.0,4649.0,8033.666666666667,1650.6018094373119,-0.10187323582242747,7927.0,2172.445856634996,-0.32367149758454106,7774.857142857143,1792.7946925382946,-0.05685798976017242,7035.3,2531.8831836356476,0.5057001505700152,21,0.9510565162951273,0.30901699437502833,21,6147.75
Nusa Tenggara Timur,2023,2298069,8807,0.38323479408146577,214376729,428,4394288,13833683.32,3769396,7000.0,9791.0,6516.0,5184.0,7367.0,2105.0,7769.0,1767.746305323353,0.3515960712093309,7257.0,1704.5515539316018,0.6988811728395061,7714.571428571428,1813.612036549524,0.19546626849463822,7270.4,2390.9084837774894,3.1838479809976246,22,0.9510565162951875,-0.30901699437484287,21,6147.75
Nusa Tenggara Timur,2024,2298069,6484,0.28214992674284367,214376729,428,3364347,10184807.84,2775152,8807.0,7000.0,9791.0,7794.0,10350.0,9175.0,8532.666666666666,1415.5791512020025,-0.33775916658155447,7981.6,1332.472251122159,-0.16807800872465994,7920.285714285715,1848.941022540069,-0.37352657004830914,7940.6,1585.913420650411,-0.29329700272479564,23,0.5877852522923983,-0.8090169943750019,21,6147.75
Papua,2001,29567782,12589,0.04257674789404224,4327813396,592,8838336,27351364.96,7452688,14410.5,14240.5,14297.0,14513.5,14205.5,13514.5,15178.666666666668,4017.0082175396165,0.0633849853059043,17240.6,5139.581227977338,0.05911762543411603,17640.071428571428,6234.743617288343,0.041157114531337746,16975.1,7256.98049774816,0.1856132422614606,0,0.5877852522924594,0.8090169943749574,22,31938.166666666668
Papua,2002,29567782,20479,0.0692611978808556,4327813396,592,14173627,44493494.56,12123568,12589.0,14240.5,14297.0,14513.5,14205.5,13514.5,15178.666666666668,4017.0082175396165,0.0633849853059043,17240.6,5139.581227977338,0.05911762543411603,17640.071428571428,6234.743617288343,0.041157114531337746,16975.1,7256.98049774816,0.1856132422614606,1,0.9510565162951407,0.3090169943749873,22,31938.166666666668
Papua,2003,29567782,11731,0.03967494078521006,4327813396,592,8692085,25487239.84,6944752,20479.0,12589.0,14297.0,14513.5,14205.5,13514.5,15178.666666666668,4017.0082175396165,0.0633849853059043,17240.6,5139.581227977338,0.05911762543411603,17640.071428571428,6234.743617288343,0.041157114531337746,16975.1,7256.98049774816,0.1856132422614606,2,0.9510565162951742,-0.3090169943748839,22,31938.166666666668
Papua,2004,29567782,19129,0.0646954174648609,4327813396,592,14242138,41560430.56,11324368,11731.0,20479.0,12589.0,14513.5,14205.5,13514.5,14933.0,4822.097883700118,0.5195011517991899,17240.6,5139.581227977338,0.05911762543411603,17640.071428571428,6234.743617288343,0.041157114531337746,16975.1,7256.98049774816,0.1856132422614606,3,0.5877852522925473,-0.8090169943748935,22,31938.166666666668
Papua,2005,29567782,14728,0.04981097330871825,4327813396,592,11140598,31998641.919999998,8718976,19129.0,11731.0,20479.0,14513.5,14205.5,13514.5,17113.0,4709.571955070374,-0.28082425899702135,17240.6,5139.581227977338,0.05911762543411603,17640.071428571428,6234.743617288343,0.041157114531337746,16975.1,7256.98049774816,0.1856132422614606,4,-1.1076377890021368e-13,-1.0,22,31938.166666666668
Papua,2006,29567782,21300,0.07203786878569383,4327813396,592,15574624,46277232.0,12609600,14728.0,19129.0,11731.0,12589.0,14205.5,13514.5,15196.0,3721.1381323440787,0.8157019861904355,15731.2,3904.102995568848,0.6919532925569942,17640.071428571428,6234.743617288343,0.041157114531337746,16975.1,7256.98049774816,0.1856132422614606,5,-0.5877852522923587,-0.8090169943750306,22,31938.166666666668
Papua,2007,29567782,21135,0.07147982895707226,4327813396,592,15901374,45918746.4,12511920,21300.0,14728.0,19129.0,20479.0,14205.5,13514.5,18385.666666666668,3348.462980729944,0.10486695593078577,17473.4,4090.534476081268,0.032032814102251006,17640.071428571428,6234.743617288343,0.041157114531337746,16975.1,7256.98049774816,0.1856132422614606,6,-0.9510565162951724,-0.30901699437488944,22,31938.166666666668
Papua,2008,29567782,15555,0.052607936570960925,4327813396,592,11448106,33795415.2,9208560,21135.0,21300.0,14728.0,11731.0,12589.0,13514.5,19054.333333333332,3747.622757605003,0.056151548071700086,17604.6,4219.52323136269,0.32597391526724073,17298.714285714286,4162.950905086582,0.23560251012788935,16975.1,7256.98049774816,0.1856132422614606,7,-0.9510565162951424,0.30901699437498176,22,31938.166666666668
Papua,2009,29567782,23129,0.07822365573447478,4327813396,592,16297140,50250990.56,13692368,15555.0,21135.0,21300.0,19129.0,20479.0,13514.5,19330.0,3270.28668467852,0.08586854460093907,18369.4,3081.987718990676,0.20910659208531546,17722.428571428572,3732.366445806209,0.12940084965086185,16975.1,7256.98049774816,0.1856132422614606,8,-0.587785252292464,0.809016994374954,22,31938.166666666668
Papua,2010,29567782,25679,0.08684790763135361,4327813396,592,18772331,55791222.56,15201968,23129.0,15555.0,21135.0,14728.0,11731.0,13514.5,19939.666666666668,3925.9375101138617,0.21499881712798685,19169.4,3770.656216099428,0.7435497012493211,18101.0,4167.582632661965,1.188986446168272,16975.1,7256.98049774816,0.1856132422614606,9,-1.3703664537718588e-14,1.0,22,31938.166666666668
Papua,2011,29567782,23157,0.07831835340236207,4327813396,592,18447796,50311824.48,13708944,25679.0,23129.0,15555.0,21300.0,19129.0,12589.0,21454.333333333332,5265.664757019686,0.48871745419479273,21359.6,3726.1028971311307,0.08718309859154938,20093.571428571428,3942.6993231092115,0.21057033822991267,18545.4,4663.101833665124,0.839463023274287,10,0.5877852522924419,0.8090169943749701,22,31938.166666666668
Papua,2012,29567782,46692,0.15791512532120264,4327813396,592,40097203,101444906.88,27641664,23157.0,25679.0,23129.0,21135.0,14728.0,20479.0,23988.333333333332,1464.2272136930924,1.0187643218470317,21731.0,3810.2747932411594,1.2092264017033356,20669.0,4070.3324598118515,2.170287887017925,19602.2,4350.230640120362,1.279994140338884,11,0.951056516295134,0.3090169943750078,22,31938.166666666668
Papua,2013,29567782,38013,0.12856223033570796,4327813396,592,33956004,82588564.32,22503696,46692.0,23157.0,25679.0,15555.0,21300.0,11731.0,31842.666666666668,12921.576774268697,0.4803146539974299,26842.4,11727.500066084349,1.4437801350048214,25235.285714285714,9961.174039146097,0.7846478873239437,22223.5,9630.373873555684,2.2403887136646494,12,0.9510565162951808,-0.30901699437486335,22,31938.166666666668
Papua,2014,29567782,58753,0.19870614576365583,4327813396,592,49317369,127649117.92,34781776,38013.0,46692.0,23157.0,23129.0,21135.0,19129.0,35954.0,11901.83460647926,1.537159390249169,31334.0,10566.94828226238,1.540230878983095,27622.85714285714,10826.125475422212,1.779891175774781,24851.7,10026.843471957176,2.071409901197135,13,0.5877852522925647,-0.8090169943748808,22,31938.166666666668
Papua,2015,29567782,82032,0.27743711043324115,4327813396,592,64923772,178226004.48,48562944,58753.0,38013.0,46692.0,25679.0,15555.0,14728.0,47819.333333333336,10415.856197803521,0.7568748393729119,38458.8,14809.686397760319,2.1945169204408272,32996.857142857145,15427.596101669582,4.27367405978785,28814.1,14392.826218101261,4.569799022270505,14,1.3817110797565086e-13,-1.0,22,31938.166666666668
Papua,2016,29567782,83052,0.28088681119199266,4327813396,592,59820204,180442097.28,49166784,82032.0,58753.0,38013.0,23157.0,23129.0,21300.0,59599.333333333336,22021.70066850704,1.1848315050114433,49729.4,22234.407981774682,2.5864749319860088,42493.57142857143,21973.385825109064,2.5908167235937567,35544.5,21200.431978041703,2.8991549295774646,15,-0.5877852522925252,-0.8090169943749096,22,31938.166666666668
Papua,2017,29567782,49615,0.167800885436723,4327813396,592,37129562,107795533.6,29372080,83052.0,82032.0,58753.0,46692.0,25679.0,21135.0,74612.33333333333,13744.051088864782,-0.1555324834476537,61708.4,20397.89583020769,0.06260173048916307,51054.0,24677.96266577503,0.9321235250593871,41719.7,25205.490297199918,1.3475277974923112,16,-0.9510565162950955,-0.3090169943751262,22,31938.166666666668
Papua,2018,29567782,34778,0.11762126763515775,4327813396,592,25181159,75560073.92,20588576,49615.0,83052.0,82032.0,38013.0,23157.0,15555.0,71566.33333333333,19017.252071036048,-0.5760434952213771,62293.0,19895.639509701723,-0.08510246494620266,54473.42857142857,22099.56146516108,0.5018352981819751,44567.7,24210.524612472316,1.2358084217293475,17,-0.9510565162951491,0.3090169943749612,22,31938.166666666668
Papua,2019,29567782,34560,0.11688397864946379,4327813396,592,25142439,75086438.4,20459520,34778.0,49615.0,83052.0,58753.0,46692.0,23129.0,55815.0,24727.004852994018,-0.5838751625487646,61646.0,20909.385847030615,-0.41177471788674624,56133.57142857143,19656.39162255114,-0.25983037779491136,46490.0,22342.024701843704,0.49422802542262967,18,-0.5877852522924816,0.8090169943749413,22,31938.166666666668
Papua,2020,29567782,29911,0.1011607837206051,4327813396,592,20495899,64985835.04,17707312,34560.0,34778.0,49615.0,82032.0,38013.0,25679.0,39651.0,8629.765524044551,-0.3971379623097854,56807.4,24274.63369033619,-0.6353740003900916,54400.42857142857,21108.811800267187,-0.21313761081735194,47633.1,21281.229112634934,0.16480392538650257,19,-3.5264875970351066e-14,1.0,22,31938.166666666668
Papua,2021,29567782,26341,0.08908683106497471,4327813396,592,18116424,57229510.24,15593872,29911.0,34560.0,34778.0,83052.0,58753.0,23157.0,33083.0,2749.194245590364,-0.24259589395594916,46383.2,21799.355052386436,-0.6828372585849829,53243.0,22343.151165403062,-0.5516654468707981,48056.3,20833.508671529213,0.13749622144491935,20,0.5877852522924245,0.8090169943749828,22,31938.166666666668
Papua,2022,29567782,28605,0.09674381392557616,4327813396,592,18952230,62148367.199999996,16934160,26341.0,29911.0,34560.0,49615.0,82032.0,46692.0,30270.666666666668,4121.287460651125,-0.1723090277777778,35041.0,8870.018404716384,-0.42346064698175956,48612.71428571428,24285.040345271875,-0.6512946167349327,48374.7,20431.133867757766,-0.3873682857877152,21,0.9510565162951273,0.30901699437502833,22,31938.166666666668
Papua,2023,29567782,22967,0.07767576208455541,4327813396,592,15850498,49899022.88,13596464,28605.0,26341.0,29911.0,34778.0,83052.0,38013.0,28285.666666666668,1806.2960259381614,-0.23215539433653176,30839.0,3723.086958426817,-0.339611248490425,40980.28571428572,20059.334150751016,-0.7234624090930983,46566.0,21375.41859759099,-0.39581195906663513,22,0.9510565162951875,-0.30901699437484287,22,31938.166666666668
Papua,2024,29567782,22586,0.07638719738937469,4327813396,592,15394172,49071247.04,13370912,22967.0,28605.0,26341.0,34560.0,49615.0,58753.0,25971.0,2837.1527981387303,-0.14255343381040964,28476.8,4301.111042510772,-0.34646990740740746,32396.714285714286,8688.75470007965,-0.5447747656958581,45061.4,22542.05320038318,-0.6155770769152213,23,0.5877852522923983,-0.8090169943750019,22,31938.166666666668
Papua Barat,2001,9456462,6078,0.06427350947954955,1522255533,644,4604143,14365231.44,3914232,14410.5,14240.5,14297.0,14513.5,14205.5,13514.5,15178.666666666668,4017.0082175396165,0.0633849853059043,17240.6,5139.581227977338,0.05911762543411603,17640.071428571428,6234.743617288343,0.041157114531337746,16975.1,7256.98049774816,0.1856132422614606,0,0.5877852522924594,0.8090169943749574,23,14301.958333333334
Papua Barat,2002,9456462,14749,0.1559674220654617,1522255533,644,12655086,34858966.519999996,9498356,6078.0,14240.5,14297.0,14513.5,14205.5,13514.5,15178.666666666668,4017.0082175396165,0.0633849853059043,17240.6,5139.581227977338,0.05911762543411603,17640.071428571428,6234.743617288343,0.041157114531337746,16975.1,7256.98049774816,0.1856132422614606,1,0.9510565162951407,0.3090169943749873,23,14301.958333333334
Papua Barat,2003,9456462,7247,0.07663542665322401,1522255533,644,5868047,17128139.56,4667068,14749.0,6078.0,14297.0,14513.5,14205.5,13514.5,15178.666666666668,4017.0082175396165,0.0633849853059043,17240.6,5139.581227977338,0.05911762543411603,17640.071428571428,6234.743617288343,0.041157114531337746,16975.1,7256.98049774816,0.1856132422614606,2,0.9510565162951742,-0.3090169943748839,23,14301.958333333334
Papua Barat,2004,9456462,12226,0.12928725352039694,1522255533,644,9453400,28895906.48,7873544,7247.0,14749.0,6078.0,14513.5,14205.5,13514.5,9358.0,4705.188731600969,1.0115169463639355,17240.6,5139.581227977338,0.05911762543411603,17640.071428571428,6234.743617288343,0.041157114531337746,16975.1,7256.98049774816,0.1856132422614606,3,0.5877852522925473,-0.8090169943748935,23,14301.958333333334
Papua Barat,2005,9456462,7085,0.07492231238279179,1522255533,644,5415616,16745255.799999999,4562740,12226.0,7247.0,14749.0,14513.5,14205.5,13514.5,11407.333333333334,3817.415661585502,-0.5196284493863991,17240.6,5139.581227977338,0.05911762543411603,17640.071428571428,6234.743617288343,0.041157114531337746,16975.1,7256.98049774816,0.1856132422614606,4,-1.1076377890021368e-13,-1.0,23,14301.958333333334
Papua Barat,2006,9456462,11049,0.11684073811114558,1522255533,644,8219030,26114090.52,7115556,7085.0,12226.0,7247.0,6078.0,14205.5,13514.5,8852.666666666666,2922.5150698188054,0.52463088174417,9477.0,3794.692016489636,0.81786771964462,17640.071428571428,6234.743617288343,0.041157114531337746,16975.1,7256.98049774816,0.1856132422614606,5,-0.5877852522923587,-0.8090169943750306,23,14301.958333333334
Papua Barat,2007,9456462,6648,0.07030113376440364,1522255533,644,5276483,15712415.04,4281312,11049.0,7085.0,12226.0,14749.0,14205.5,13514.5,10120.0,2693.464497628438,-0.4562407982987077,10471.2,3300.5516508623327,-0.5492575767848668,17640.071428571428,6234.743617288343,0.041157114531337746,16975.1,7256.98049774816,0.1856132422614606,6,-0.9510565162951724,-0.30901699437488944,23,14301.958333333334
Papua Barat,2008,9456462,7890,0.08343500983771733,1522255533,644,6250470,18647857.2,5081160,6648.0,11049.0,7085.0,7247.0,6078.0,13514.5,8260.666666666666,2424.632824433002,0.11362032462949889,8851.0,2586.822858258804,0.08872636953222024,9297.42857142857,3362.7234427545895,0.2981243830207305,16975.1,7256.98049774816,0.1856132422614606,7,-0.9510565162951424,0.30901699437498176,23,14301.958333333334
Papua Barat,2009,9456462,14431,0.15260464220127995,1522255533,644,11101790,34107379.88,9293564,7890.0,6648.0,11049.0,12226.0,14749.0,13514.5,8529.0,2269.017628839549,0.3060910489637072,8979.6,2501.730660964572,0.18035334532962533,9556.285714285714,3135.669503976058,-0.021560783781951365,16975.1,7256.98049774816,0.1856132422614606,8,-0.587785252292464,0.809016994374954,23,14301.958333333334
Papua Barat,2010,9456462,11693,0.123650896075086,1522255533,644,9352312,27636171.64,7530292,14431.0,7890.0,6648.0,7085.0,7247.0,13514.5,9656.333333333334,4181.354126753449,0.7588748495788207,9420.6,3287.8894902368884,0.6503881439661257,9510.857142857143,3049.0066922842343,0.6134952394094109,16975.1,7256.98049774816,0.1856132422614606,9,-1.3703664537718588e-14,1.0,23,14301.958333333334
Papua Barat,2011,9456462,11549,0.12212812783470182,1522255533,644,9930837,27295830.52,7437556,11693.0,14431.0,7890.0,11049.0,12226.0,6078.0,11338.0,3284.9184160318105,0.46375158428390373,10342.2,3110.583176835187,0.045252964069146584,10146.0,2960.6166024557533,-0.0553737935547195,9909.6,3302.7444547459186,0.9001316222441593,10,0.5877852522924419,0.8090169943749701,23,14301.958333333334
Papua Barat,2012,9456462,13560,0.143394009302845,1522255533,644,10671359,32048788.8,8732640,11549.0,11693.0,14431.0,6648.0,7085.0,14749.0,12557.666666666666,1623.9511486859442,-0.06035617767306489,10442.2,3146.812307718729,1.0397111913357402,10049.285714285714,2891.5980999265084,0.9139026111503177,10456.7,3040.2188901494414,-0.08061563495830226,11,0.951056516295134,0.3090169943750078,23,14301.958333333334
Papua Barat,2013,9456462,7906,0.08360420630887112,1522255533,644,6564699,18685672.88,5091464,13560.0,11549.0,11693.0,7890.0,11049.0,7247.0,12267.333333333334,1121.7951387478772,-0.32386898144188836,11824.6,2518.8928718804063,0.002027883396704677,10974.285714285714,2820.0705496195574,-0.28446013213865506,10337.8,2872.312997494715,0.09093417966054917,12,0.9510565162951808,-0.30901699437486335,23,14301.958333333334
Papua Barat,2014,9456462,17905,0.18934142600054862,1522255533,644,14574697,42318109.4,11530820,7906.0,13560.0,11549.0,14431.0,6648.0,12226.0,11005.0,2865.986915529257,0.5503506797125293,11827.8,2512.647149921755,0.24073175802092717,10525.285714285714,3047.2494545351988,1.6932912154031285,10403.7,2800.174917159315,0.46450188123670855,13,0.5877852522925647,-0.8090169943748808,23,14301.958333333334
Papua Barat,2015,9456462,42462,0.4490262848832893,1522255533,644,36295012,100358087.76,27345528,17905.0,7906.0,13560.0,11693.0,7890.0,7085.0,13123.666666666666,5013.7600992985745,2.13141592920354,12522.6,3639.902375065826,2.6314034037458307,12133.42857142857,3583.2561940852243,4.381749049429658,10971.6,3655.9302874491596,4.993225123500353,14,1.3817110797565086e-13,-1.0,23,14301.958333333334
Papua Barat,2016,9456462,26815,0.28356271087432067,1522255533,644,20168068,63376716.199999996,17268860,42462.0,17905.0,7906.0,11549.0,14431.0,11049.0,22757.666666666668,17781.7480674235,2.391727801669618,18676.4,13777.959946959098,1.3218460472768205,17072.285714285714,11605.370448122818,0.8581525881782275,14509.3,10390.587921020897,1.4269164630283284,15,-0.5877852522925252,-0.8090169943749096,23,14301.958333333334
Papua Barat,2017,9456462,15891,0.16804382019406414,1522255533,644,11928741,37558060.68,10233804,26815.0,42462.0,17905.0,13560.0,11693.0,6648.0,29060.666666666668,12431.565723323833,-0.11248254677464398,21729.6,13492.178745480984,0.17190265486725664,18841.428571428572,12070.23036037206,0.3590182160266826,16085.9,10986.247751419784,1.3903429602888089,16,-0.9510565162950955,-0.3090169943751262,23,14301.958333333334
Papua Barat,2018,9456462,20511,0.2168993012397237,1522255533,644,15793252,48477338.28,13209084,15891.0,26815.0,42462.0,7906.0,11549.0,7890.0,28389.333333333332,13355.276273193302,-0.5169563374311148,22195.8,13175.884437107392,1.5943587149000757,19441.14285714286,11756.063420334349,0.7759979218979998,17010.2,10481.197353145113,1.599619771863118,17,-0.9510565162951491,0.3090169943749612,23,14301.958333333334
Papua Barat,2019,9456462,16558,0.17509719808528815,1522255533,644,12760381,39134501.839999996,10663352,20511.0,15891.0,26815.0,17905.0,13560.0,14431.0,21072.333333333332,5483.5905512099735,-0.3825097892970353,24716.8,10738.699697822289,-0.07523038257469983,20721.428571428572,11229.53633440758,0.22109144542772863,18272.3,10010.261790894512,0.14739103319243285,18,-0.5877852522924816,0.8090169943749413,23,14301.958333333334
Papua Barat,2020,9456462,16318,0.17255925101798114,1522255533,644,11678987,38567266.64,10508792,16558.0,20511.0,15891.0,42462.0,7906.0,11693.0,17653.333333333332,2497.1816780761064,0.026870555660436723,24447.4,10966.781674675964,-0.6157034524987047,21149.714285714286,10964.936505584248,1.0640020237794081,18485.0,9941.936408747337,0.3955357906439749,19,-3.5264875970351066e-14,1.0,23,14301.958333333334
Papua Barat,2021,9456462,12209,0.12910748226979604,1522255533,644,9212286,28855727.32,7862596,16318.0,16558.0,20511.0,26815.0,17905.0,11549.0,17795.666666666668,2354.6074690527535,-0.40475842230998005,19218.6,4635.212648844615,-0.5446951333209025,22351.428571428572,9654.184496153952,-0.3181234292097179,18947.5,9695.385262531301,0.05714780500476224,20,0.5877852522924245,0.8090169943749828,23,14301.958333333334
Papua Barat,2022,9456462,13752,0.14542436695669056,1522255533,644,10889152,32502576.96,8856288,12209.0,16318.0,16558.0,15891.0,42462.0,13560.0,15028.333333333334,2444.561378513286,-0.16946491122116203,16297.4,2945.4599471066404,-0.1346044931093071,21537.714285714286,10309.242482912794,-0.6761339550657057,19013.5,9641.521770735977,0.014159292035398341,21,0.9510565162951273,0.30901699437502833,23,14301.958333333334
Papua Barat,2023,9456462,16565,0.17517122154141793,1522255533,644,13069356,39151046.199999996,10667860,13752.0,12209.0,16318.0,20511.0,26815.0,7906.0,14093.0,2075.6158122314837,0.0151366589042774,15869.6,3166.2980434585593,-0.1923845741309541,17436.285714285714,4877.200074991352,-0.38224874137609544,19032.7,9629.638923080613,1.0952441183910953,22,0.9510565162951875,-0.30901699437484287,23,14301.958333333334
Papua Barat,2024,9456462,12150,0.12848357028241641,1522255533,644,9595403,28716282.0,7824600,16565.0,13752.0,12209.0,16558.0,15891.0,17905.0,14175.333333333334,2208.640381166364,-0.004832500614300961,15080.4,1995.5310821958126,-0.2662157265370214,15972.0,2598.4742959541372,-0.23541627336228055,19898.6,8877.923771294109,-0.3214185981569394,23,0.5877852522923983,-0.8090169943750019,23,14301.958333333334
Riau,2001,7848784,156510,1.9940668516295008,769929678,449,142502622,257901873.29999998,70272990,14410.5,14240.5,14297.0,14513.5,14205.5,13514.5,15178.666666666668,4017.0082175396165,0.0633849853059043,17240.6,5139.581227977338,0.05911762543411603,17640.071428571428,6234.743617288343,0.041157114531337746,16975.1,7256.98049774816,0.1856132422614606,0,0.5877852522924594,0.8090169943749574,24,179264.83333333334
Riau,2002,7848784,154561,1.9692349795840984,769929678,449,170548622,254690252.63,69397889,156510.0,14240.5,14297.0,14513.5,14205.5,13514.5,15178.666666666668,4017.0082175396165,0.0633849853059043,17240.6,5139.581227977338,0.05911762543411603,17640.071428571428,6234.743617288343,0.041157114531337746,16975.1,7256.98049774816,0.1856132422614606,1,0.9510565162951407,0.3090169943749873,24,179264.83333333334
Riau,2003,7848784,57204,0.7288262742356013,769929678,449,56395856,94262467.32,25684596,154561.0,156510.0,14297.0,14513.5,14205.5,13514.5,15178.666666666668,4017.0082175396165,0.0633849853059043,17240.6,5139.581227977338,0.05911762543411603,17640.071428571428,6234.743617288343,0.041157114531337746,16975.1,7256.98049774816,0.1856132422614606,2,0.9510565162951742,-0.3090169943748839,24,179264.83333333334
Riau,2004,7848784,270588,3.4475149271530467,769929678,449,301611711,445883024.03999996,121494012,57204.0,154561.0,156510.0,14513.5,14205.5,13514.5,122758.33333333333,56780.08114060182,0.7288863331416522,17240.6,5139.581227977338,0.05911762543411603,17640.071428571428,6234.743617288343,0.041157114531337746,16975.1,7256.98049774816,0.1856132422614606,3,0.5877852522925473,-0.8090169943748935,24,179264.83333333334
Riau,2005,7848784,355413,4.528255587107506,769929678,449,386280943,585660203.79,159580437,270588.0,57204.0,154561.0,14513.5,14205.5,13514.5,160784.33333333334,106828.04066504884,1.2994998738362198,17240.6,5139.581227977338,0.05911762543411603,17640.071428571428,6234.743617288343,0.041157114531337746,16975.1,7256.98049774816,0.1856132422614606,4,-1.1076377890021368e-13,-1.0,24,179264.83333333334
Riau,2006,7848784,202107,2.5750103455516165,769929678,449,191763473,333037977.81,90746043,355413.0,270588.0,57204.0,156510.0,14205.5,13514.5,227735.0,153653.62549253437,2.5330920914621355,198855.2,115624.49342029564,0.29133601686793176,17640.071428571428,6234.743617288343,0.041157114531337746,16975.1,7256.98049774816,0.1856132422614606,5,-0.5877852522923587,-0.8090169943750306,24,179264.83333333334
Riau,2007,7848784,211991,2.7009406807474887,769929678,449,223212522,349325129.53,95183959,202107.0,355413.0,270588.0,154561.0,14205.5,13514.5,276036.0,76798.0659717418,-0.2165543187428859,207974.6,113222.93812783693,0.37156850693253807,17640.071428571428,6234.743617288343,0.041157114531337746,16975.1,7256.98049774816,0.1856132422614606,6,-0.9510565162951724,-0.30901699437488944,24,179264.83333333334
Riau,2008,7848784,204516,2.60570299806951,769929678,449,193468513,337007600.28,91827684,211991.0,202107.0,355413.0,57204.0,156510.0,13514.5,256503.66666666666,85800.4401465012,-0.4245680377476344,219460.6,109294.57065334942,2.575204531151668,201196.2857142857,94534.69608511339,0.3067280046003451,16975.1,7256.98049774816,0.1856132422614606,7,-0.9510565162951424,0.30901699437498176,24,179264.83333333334
Riau,2009,7848784,247897,3.158412819106756,769929678,449,236941919,408492113.51,111305753,204516.0,211991.0,202107.0,270588.0,154561.0,13514.5,206204.66666666666,5153.839377912705,0.226563157139535,248923.0,65835.37129461627,-0.08385811639836205,208054.2857142857,92471.42243906898,0.6038780804989616,16975.1,7256.98049774816,0.1856132422614606,8,-0.587785252292464,0.809016994374954,24,179264.83333333334
Riau,2010,7848784,341923,4.35638182933815,769929678,449,375946784,563430977.09,153523427,247897.0,204516.0,211991.0,355413.0,57204.0,13514.5,221468.0,23191.333230325377,0.6129128123363727,244384.8,64741.57977837724,-0.03795584292077103,221388.0,90173.14688605093,4.977256835186351,16975.1,7256.98049774816,0.1856132422614606,9,-1.3703664537718588e-14,1.0,24,179264.83333333334
Riau,2011,7848784,255307,3.2528223480223177,769929678,449,306665838,420702533.81,114632843,341923.0,247897.0,204516.0,202107.0,270588.0,156510.0,264778.6666666667,70241.82453733202,0.24834731756928563,241686.8,58982.90399090219,0.2632269045604556,262062.14285714287,64263.49093751566,-0.05647330997679123,220271.0,89429.29588600516,0.6312503993355056,10,0.5877852522924419,0.8090169943749701,24,179264.83333333334
Riau,2012,7848784,346655,4.416671423242122,769929678,449,358450343,571228508.65,155648095,255307.0,341923.0,247897.0,211991.0,355413.0,154561.0,281709.0,52278.306896838294,0.39838319947397505,252326.8,54701.081188583325,0.6352345146727927,259879.14285714287,64185.09808470206,-0.024641754803566562,230150.7,87027.68532554577,1.2428361617743158,11,0.951056516295134,0.3090169943750078,24,179264.83333333334
Riau,2013,7848784,156345,1.9919646151556725,769929678,449,146387579,257629981.35,70198905,346655.0,255307.0,341923.0,204516.0,202107.0,57204.0,314628.3333333333,51428.235409484456,-0.5427479286272056,279259.6,62475.56943958159,-0.2355365839347533,258628.0,62062.78395034044,-0.2264246166634506,249360.1,89649.81304243994,1.7331130690161527,12,0.9510565162951808,-0.30901699437486335,24,179264.83333333334
Riau,2014,7848784,282785,3.602914795463858,769929678,449,280256714,465981606.55,126970465,156345.0,346655.0,255307.0,247897.0,211991.0,270588.0,252769.0,95180.38194922314,0.10762728793178411,269625.4,78533.57754998803,0.14073587013961442,252090.57142857142,70803.43418191205,0.33394813930780076,259274.2,69184.73585633685,0.0450759087616599,13,0.5877852522925647,-0.8090169943748808,24,179264.83333333334
Riau,2015,7848784,90762,1.1563829505309358,769929678,449,65962142,149560346.46,40752138,282785.0,156345.0,346655.0,341923.0,204516.0,355413.0,261928.33333333334,96854.13999067535,-0.7381777271350478,276603.0,77665.48204962087,-0.7345542709908371,262204.0,69157.98339791752,-0.556210761016253,260493.9,69513.0907294925,-0.7446294873850985,14,1.3817110797565086e-13,-1.0,24,179264.83333333334
Riau,2016,7848784,147085,1.8739845560790054,769929678,449,97650219,242371075.54999998,66041165,90762.0,282785.0,156345.0,255307.0,247897.0,202107.0,176630.66666666666,97605.52923033264,-0.05922798938245544,226370.8,102202.6341451138,-0.4238896700834681,245953.42857142858,93908.5073566413,-0.406668898776508,234028.8,79080.75703397546,-0.27224193125423657,15,-0.5877852522925252,-0.8090169943749096,24,179264.83333333334
Riau,2017,7848784,123675,1.5757217933376686,769929678,449,70157029,203795375.25,55530075,147085.0,90762.0,282785.0,346655.0,341923.0,211991.0,173544.0,98707.9892561893,-0.5626536060965044,204726.4,105933.99815356721,-0.6432331857322122,231551.7142857143,101021.5897728702,-0.6382957566469644,228526.6,83347.58290996401,-0.41660259161945556,16,-0.9510565162950955,-0.3090169943751262,24,179264.83333333334
Riau,2018,7848784,101107,1.2881868070264133,769929678,449,52176440,166607147.81,45397043,123675.0,147085.0,90762.0,156345.0,255307.0,204516.0,120507.33333333333,28294.79928066826,0.11397941869945583,160130.4,73091.78087035491,-0.3533083884997922,200373.42857142858,94765.6195355276,-0.6039787393216793,219695.0,89729.12110098677,-0.5056279215318117,17,-0.9510565162951491,0.3090169943749612,24,179264.83333333334
Riau,2019,7848784,102819,1.3099991030457712,769929678,449,51260141,169428232.77,46165731,101107.0,123675.0,147085.0,282785.0,346655.0,247897.0,123955.66666666667,22990.284933712894,-0.30095522996906554,149082.8,77828.04585880323,-0.6364057499513764,178344.85714285713,97743.24932602516,-0.7033967489290505,209354.1,97311.18819819455,-0.5852349967930229,18,-0.5877852522924816,0.8090169943749413,24,179264.83333333334
Riau,2020,7848784,94605,1.2053459491304641,769929678,449,43544682,155892957.15,42477645,102819.0,101107.0,123675.0,90762.0,156345.0,341923.0,109200.33333333333,12564.621655000272,-0.23505154639175263,113089.6,22446.199918916765,0.04234150856085139,143511.14285714287,66086.5519411945,-0.39489590329079916,194846.3,101644.59646789993,-0.7233148983835542,19,-3.5264875970351066e-14,1.0,24,179264.83333333334
Riau,2021,7848784,95679,1.2190295974510192,769929678,449,49466719,157662726.57,42959871,94605.0,102819.0,101107.0,147085.0,282785.0,255307.0,99510.33333333333,4333.527123867926,-0.05368569930865319,113858.2,21537.94644807111,-0.3494985892511133,134691.14285714287,68175.20346486839,-0.6616546139293102,170114.5,91460.22763444469,-0.6252394176422895,20,0.5877852522924245,0.8090169943749828,24,179264.83333333334
Riau,2022,7848784,86882,1.1069485413281854,769929678,449,45532065,143166766.06,39010018,95679.0,94605.0,102819.0,123675.0,90762.0,346655.0,97701.0,4464.729779053281,-0.15500053492058863,103577.0,11763.080548902928,-0.29749747321609055,107961.71428571429,20314.48789012702,-0.04274916815407326,154151.7,88831.63282681331,-0.7493704115042333,21,0.9510565162951273,0.30901699437502833,24,179264.83333333334
Riau,2023,7848784,115270,1.4686351414435663,769929678,449,54330510,189945364.1,51756230,86882.0,95679.0,94605.0,101107.0,147085.0,156345.0,92388.66666666667,4799.052232816072,0.21843454362877224,96218.4,6275.522034060431,0.14007932190649508,107407.42857142857,20906.31508944295,-0.21630349797736004,128174.4,59384.82951656184,-0.2627202660782244,22,0.9510565162951875,-0.30901699437484287,24,179264.83333333334
Riau,2024,7848784,100670,1.282619065577547,769929678,449,48500529,165887046.1,45200830,115270.0,86882.0,95679.0,102819.0,123675.0,282785.0,99277.0,14531.993634734557,0.05216400673083954,99051.0,10682.645341860703,-0.02090080627121449,102862.42857142857,12684.342340818128,-0.1860117242773398,124066.9,58635.64242459059,-0.6440051629329703,23,0.5877852522923983,-0.8090169943750019,24,179264.83333333334
Sulawesi Barat,2001,1513864,16400,1.0833205624811741,203031485,563,11843035,33885844.0,9233200,14410.5,14240.5,14297.0,14513.5,14205.5,13514.5,15178.666666666668,4017.0082175396165,0.0633849853059043,17240.6,5139.581227977338,0.05911762543411603,17640.071428571428,6234.743617288343,0.041157114531337746,16975.1,7256.98049774816,0.1856132422614606,0,0.5877852522924594,0.8090169943749574,25,11471.208333333334
Sulawesi Barat,2002,1513864,12107,0.7997415884121691,203031485,563,8687195,25015604.47,6816241,16400.0,14240.5,14297.0,14513.5,14205.5,13514.5,15178.666666666668,4017.0082175396165,0.0633849853059043,17240.6,5139.581227977338,0.05911762543411603,17640.071428571428,6234.743617288343,0.041157114531337746,16975.1,7256.98049774816,0.1856132422614606,1,0.9510565162951407,0.3090169943749873,25,11471.208333333334
Sulawesi Barat,2003,1513864,6885,0.4547964678465173,203031485,563,5090240,14225855.85,3876255,12107.0,16400.0,14297.0,14513.5,14205.5,13514.5,15178.666666666668,4017.0082175396165,0.0633849853059043,17240.6,5139.581227977338,0.05911762543411603,17640.071428571428,6234.743617288343,0.041157114531337746,16975.1,7256.98049774816,0.1856132422614606,2,0.9510565162951742,-0.3090169943748839,25,11471.208333333334
Sulawesi Barat,2004,1513864,15736,1.0394592909270581,203031485,563,11405812,32513880.56,8859368,6885.0,12107.0,16400.0,14513.5,14205.5,13514.5,11797.333333333334,4765.052605509599,-0.040487804878048816,17240.6,5139.581227977338,0.05911762543411603,17640.071428571428,6234.743617288343,0.041157114531337746,16975.1,7256.98049774816,0.1856132422614606,3,0.5877852522925473,-0.8090169943748935,25,11471.208333333334
Sulawesi Barat,2005,1513864,9396,0.6206634149434824,203031485,563,6978807,19414109.16,5289948,15736.0,6885.0,12107.0,14513.5,14205.5,13514.5,11576.0,4449.3281515236,-0.22392004625423312,17240.6,5139.581227977338,0.05911762543411603,17640.071428571428,6234.743617288343,0.041157114531337746,16975.1,7256.98049774816,0.1856132422614606,4,-1.1076377890021368e-13,-1.0,25,11471.208333333334
Sulawesi Barat,2006,1513864,11481,0.7583904498686804,203031485,563,8450973,23722157.009999998,6463803,9396.0,15736.0,6885.0,16400.0,14205.5,13514.5,10672.333333333334,4561.449367610418,0.6675381263616558,12104.8,4068.7304776764404,-0.2999390243902439,17640.071428571428,6234.743617288343,0.041157114531337746,16975.1,7256.98049774816,0.1856132422614606,5,-0.5877852522923587,-0.8090169943750306,25,11471.208333333334
Sulawesi Barat,2007,1513864,4152,0.27426505947694113,203031485,563,3025206,8578903.92,2337576,11481.0,9396.0,15736.0,12107.0,14205.5,13514.5,12204.333333333334,3231.3013374295397,-0.7361464158617184,11121.0,3290.871541092587,-0.6570579003882051,17640.071428571428,6234.743617288343,0.041157114531337746,16975.1,7256.98049774816,0.1856132422614606,6,-0.9510565162951724,-0.30901699437488944,25,11471.208333333334
Sulawesi Barat,2008,1513864,12540,0.8283438935069465,203031485,563,8715298,25910273.4,7060020,4152.0,11481.0,9396.0,6885.0,16400.0,13514.5,8343.0,3776.26362956024,0.3346104725415071,9530.0,4423.169169269135,0.8213507625272332,10879.57142857143,4459.935158621088,-0.23536585365853657,16975.1,7256.98049774816,0.1856132422614606,7,-0.9510565162951424,0.30901699437498176,25,11471.208333333334
Sulawesi Barat,2009,1513864,11858,0.7832936115793757,203031485,563,8390460,24501118.18,6676054,12540.0,4152.0,11481.0,15736.0,12107.0,13514.5,9391.0,4567.900064574506,0.032836860900618436,10661.0,4299.01070014638,-0.24644128113879005,10328.142857142857,3862.1994350690325,-0.02056661435533158,16975.1,7256.98049774816,0.1856132422614606,8,-0.587785252292464,0.809016994374954,25,11471.208333333334
Sulawesi Barat,2010,1513864,7196,0.4753399248545444,203031485,563,5205107,14868447.16,4051348,11858.0,12540.0,4152.0,9396.0,6885.0,13514.5,9516.666666666666,4658.435073420382,0.7331406551059729,9885.4,3413.0404040932513,-0.23414218816517662,10292.57142857143,3844.1899821815136,0.04517066085693533,16975.1,7256.98049774816,0.1856132422614606,9,-1.3703664537718588e-14,1.0,25,11471.208333333334
Sulawesi Barat,2011,1513864,13855,0.9152077069010162,203031485,563,9370277,28627339.55,7800365,7196.0,11858.0,12540.0,11481.0,15736.0,16400.0,10531.333333333334,2908.542131940579,0.10486443381180233,9445.4,3627.007692295813,0.20677641320442475,10337.0,3799.7845114414586,-0.11953482460599896,10775.1,3894.7262191638856,-0.15518292682926826,10,0.5877852522924419,0.8090169943749701,25,11471.208333333334
Sulawesi Barat,2012,1513864,13555,0.8953908673434338,203031485,563,9427932,28007476.55,7631465,13855.0,7196.0,11858.0,4152.0,9396.0,12107.0,10969.666666666666,3417.2243609797665,0.14311013661663008,9920.2,4086.3941562180494,2.2646917148362236,10068.285714285714,3399.8001271867543,0.4426351638995316,10520.6,3554.630976317824,0.11960023127116548,11,0.951056516295134,0.3090169943750078,25,11471.208333333334
Sulawesi Barat,2013,1513864,8072,0.5332050963626852,203031485,563,5461747,16678447.12,4544536,13555.0,13855.0,7196.0,12540.0,11481.0,6885.0,11535.333333333334,3760.9653459283218,0.12173429683157311,11800.8,2694.9409455446576,-0.3562998405103668,10662.42857142857,3619.070177882423,-0.2969253549342392,10665.4,3654.523230801092,0.17240377632534498,12,0.9510565162951808,-0.30901699437486335,25,11471.208333333334
Sulawesi Barat,2014,1513864,14213,0.9388558021063979,203031485,563,9380976,29367042.73,8001919,8072.0,13555.0,13855.0,11858.0,4152.0,15736.0,11827.333333333334,3255.6714105194683,0.0258390472753518,10907.2,3099.0222167601637,0.19860010119750382,10175.42857142857,3718.559123160217,2.4231695568400773,10784.1,3535.4280410374245,-0.09678444331469238,13,0.5877852522925647,-0.8090169943748808,25,11471.208333333334
Sulawesi Barat,2015,1513864,14055,0.9284189332727378,203031485,563,9184252,29040581.55,7912965,14213.0,8072.0,13555.0,7196.0,12540.0,9396.0,11946.666666666666,3371.649793984224,0.03688675765400218,11378.2,3439.8707388466078,0.9531684269038354,11612.714285714286,2843.8779693964607,0.1208133971291867,10631.8,3324.945306153065,0.49584929757343543,14,1.3817110797565086e-13,-1.0,25,11471.208333333334
Sulawesi Barat,2016,1513864,13677,0.9034497154301839,203031485,563,8989089,28259554.169999998,7700151,14055.0,14213.0,8072.0,13855.0,11858.0,11481.0,12113.333333333334,3500.7888158633486,0.6943756194251733,12750.0,2626.6008451938765,-0.012847347527968234,11829.142857142857,2980.5721726284423,0.1533985495024457,11097.7,3456.360000864479,0.19127253723543247,15,-0.5877852522925252,-0.8090169943749096,25,11471.208333333334
Sulawesi Barat,2017,1513864,12564,0.829929240671553,203031485,563,8326215,25959862.44,7073532,13677.0,14055.0,14213.0,13555.0,7196.0,4152.0,13981.666666666666,275.4221001925111,-0.11602054457187083,12714.4,2609.0273666585376,-0.07310955367023242,12089.0,3061.6968606841424,0.7459699833240689,11317.3,3551.8609848325805,2.0260115606936417,16,-0.9510565162950955,-0.3090169943751262,25,11471.208333333334
Sulawesi Barat,2018,1513864,12974,0.8570122547335823,203031485,563,8594563,26807008.54,7304362,12564.0,13677.0,14055.0,8072.0,13855.0,12540.0,13432.0,775.1057991919301,-0.07691213091426541,12516.2,2566.5000876628023,0.6072844400396431,12855.857142857143,2176.0672805729178,-0.06358715265247206,12158.5,2509.4933198242256,0.03460925039872409,17,-0.9510565162951491,0.3090169943749612,25,11471.208333333334
Sulawesi Barat,2019,1513864,13036,0.8611077349088161,203031485,563,8436215,26935113.56,7339268,12974.0,12564.0,13677.0,14213.0,13555.0,11858.0,13071.666666666666,562.8910492041861,-0.04686700299773339,13496.6,707.1840637155428,-0.08281151058889746,12730.0,2133.7136640271688,-0.03828845444485429,12201.9,2520.552692922321,0.09934221622533301,18,-0.5877852522924816,0.8090169943749413,25,11471.208333333334
Sulawesi Barat,2020,1513864,8513,0.5623358505123314,203031485,563,5713166,17589645.73,4792819,13036.0,12974.0,12564.0,14055.0,8072.0,7196.0,12858.0,256.49171515039967,-0.32242916268704236,13261.2,596.3000083625819,-0.3943080754180007,12655.857142857143,2109.14417309804,0.05463330029732405,12319.7,2530.2033317542227,0.18301834352418012,19,-3.5264875970351066e-14,1.0,25,11471.208333333334
Sulawesi Barat,2021,1513864,9848,0.6505207865435733,203031485,563,6784710,20348036.08,5544424,8513.0,13036.0,12974.0,13677.0,14213.0,13855.0,11507.666666666666,2593.642676482968,-0.24094342531216284,12152.8,2073.33226955381,-0.27995905534839516,12718.857142857143,1949.985934029626,-0.3071132062196581,12451.4,2252.962849232128,-0.2892096715987008,20,0.5877852522924245,0.8090169943749828,25,11471.208333333334
Sulawesi Barat,2022,1513864,10043,0.6634017322560019,203031485,563,6983860,20750947.03,5654209,9848.0,8513.0,13036.0,12564.0,14055.0,13555.0,10465.666666666666,2323.9011023004896,-0.2295949677815281,11387.0,2076.7460123888786,-0.2006526583890481,12095.285714285714,2085.750841180469,-0.2854500177872643,12050.7,2330.583334231579,-0.25909258576171157,21,0.9510565162951273,0.30901699437502833,25,11471.208333333334
Sulawesi Barat,2023,1513864,14697,0.9708269699259644,203031485,563,9912927,30367088.37,8274411,10043.0,9848.0,8513.0,12974.0,13677.0,8072.0,9468.0,832.7814839078774,0.7264184188887584,10882.8,2024.9330112310083,0.13280406967781722,11522.142857142857,2007.2405128053617,0.07457775828032465,11699.5,2343.2905282999495,0.8207383548067393,22,0.9510565162951875,-0.30901699437484287,25,11471.208333333334
Sulawesi Barat,2024,1513864,8456,0.5585706509963907,203031485,563,6090388,17471871.759999998,4760728,14697.0,10043.0,9848.0,13036.0,12564.0,14213.0,11529.333333333334,2745.0119003883647,-0.1413484971567831,11227.4,2548.660098948681,-0.35133476526541885,11667.857142857143,2215.9184272547313,-0.32696593441579114,12362.0,2130.6306317400604,-0.4050517132202913,23,0.5877852522923983,-0.8090169943750019,25,11471.208333333334
Sulawesi Selatan,2001,3038092,8487,0.27935296231977175,359011789,561,5643722,17473629.69,4761207,14410.5,14240.5,14297.0,14513.5,14205.5,13514.5,15178.666666666668,4017.0082175396165,0.0633849853059043,17240.6,5139.581227977338,0.05911762543411603,17640.071428571428,6234.743617288343,0.041157114531337746,16975.1,7256.98049774816,0.1856132422614606,0,0.5877852522924594,0.8090169943749574,26,15846.375
Sulawesi Selatan,2002,3038092,12727,0.4189142395951143,359011789,561,8416685,26203238.49,7139847,8487.0,14240.5,14297.0,14513.5,14205.5,13514.5,15178.666666666668,4017.0082175396165,0.0633849853059043,17240.6,5139.581227977338,0.05911762543411603,17640.071428571428,6234.743617288343,0.041157114531337746,16975.1,7256.98049774816,0.1856132422614606,1,0.9510565162951407,0.3090169943749873,26,15846.375
Sulawesi Selatan,2003,3038092,5984,0.1969657271735023,359011789,561,4144140,12320278.08,3357024,12727.0,8487.0,14297.0,14513.5,14205.5,13514.5,15178.666666666668,4017.0082175396165,0.0633849853059043,17240.6,5139.581227977338,0.05911762543411603,17640.071428571428,6234.743617288343,0.041157114531337746,16975.1,7256.98049774816,0.1856132422614606,2,0.9510565162951742,-0.3090169943748839,26,15846.375
Sulawesi Selatan,2004,3038092,17831,0.5869144186548663,359011789,561,11875849,36711710.97,10003191,5984.0,12727.0,8487.0,14513.5,14205.5,13514.5,9066.0,3408.583723475146,1.1009779663014023,17240.6,5139.581227977338,0.05911762543411603,17640.071428571428,6234.743617288343,0.041157114531337746,16975.1,7256.98049774816,0.1856132422614606,3,0.5877852522925473,-0.8090169943748935,26,15846.375
Sulawesi Selatan,2005,3038092,8573,0.28218368633997915,359011789,561,5723537,17650692.509999998,4809453,17831.0,5984.0,12727.0,14513.5,14205.5,13514.5,12180.666666666666,5942.36588685634,-0.3263927084151803,17240.6,5139.581227977338,0.05911762543411603,17640.071428571428,6234.743617288343,0.041157114531337746,16975.1,7256.98049774816,0.1856132422614606,4,-1.1076377890021368e-13,-1.0,26,15846.375
Sulawesi Selatan,2006,3038092,13891,0.45722776005466587,359011789,561,9030688,28599763.169999998,7792851,8573.0,17831.0,5984.0,8487.0,14205.5,13514.5,10796.0,6228.4949225266455,1.3213569518716577,10720.4,4653.492322973475,0.6367385412984565,17640.071428571428,6234.743617288343,0.041157114531337746,16975.1,7256.98049774816,0.1856132422614606,5,-0.5877852522923587,-0.8090169943750306,26,15846.375
Sulawesi Selatan,2007,3038092,9525,0.3135191429357636,359011789,561,6083308,19610736.75,5343525,13891.0,8573.0,17831.0,12727.0,14205.5,13514.5,13431.666666666666,4646.060840461982,-0.46581795748976507,11801.2,4632.600479209612,-0.2515911055236898,17640.071428571428,6234.743617288343,0.041157114531337746,16975.1,7256.98049774816,0.1856132422614606,6,-0.9510565162951724,-0.30901699437488944,26,15846.375
Sulawesi Selatan,2008,3038092,8126,0.2674705045140174,359011789,561,4761796,16730377.62,4558686,9525.0,13891.0,8573.0,5984.0,8487.0,13514.5,10663.0,2835.7651524659373,-0.05214044091916481,11160.8,4693.54260660038,0.3579545454545454,11002.57142857143,4032.0446367119725,-0.042535642747731806,16975.1,7256.98049774816,0.1856132422614606,7,-0.9510565162951424,0.30901699437498176,26,15846.375
Sulawesi Selatan,2009,3038092,23379,0.7695290333538287,359011789,561,14107126,48134321.73,13115619,8126.0,9525.0,13891.0,17831.0,12727.0,13514.5,10514.0,3007.0578644150028,0.6830321791087755,11589.2,4171.645023246,0.31114351410464924,10951.0,4071.6960020844117,0.8369607920169717,16975.1,7256.98049774816,0.1856132422614606,8,-0.587785252292464,0.809016994374954,26,15846.375
Sulawesi Selatan,2010,3038092,8401,0.27652223829956435,359011789,561,5170605,17296566.87,4712961,23379.0,8126.0,9525.0,8573.0,5984.0,13514.5,13676.666666666666,8431.533332275592,-0.11800524934383205,12698.8,6393.23362626247,-0.02006298845211707,12472.714285714286,6252.518924786892,0.40391042780748654,16975.1,7256.98049774816,0.1856132422614606,9,-1.3703664537718588e-14,1.0,26,15846.375
Sulawesi Selatan,2011,3038092,14390,0.4736525424509857,359011789,561,8967364,29627139.3,8072790,8401.0,23379.0,8126.0,13891.0,17831.0,8487.0,13302.0,8728.021138834445,0.7708589712035441,12664.4,6421.383947403641,0.03592253977395443,12818.0,5890.739144345375,-0.19297852055409115,11692.4,5385.211131734167,0.6955343466478143,10,0.5877852522924419,0.8090169943749701,26,15846.375
Sulawesi Selatan,2012,3038092,16130,0.5309253307668101,359011789,561,10535098,33209573.099999998,9048930,14390.0,8401.0,23379.0,9525.0,8573.0,12727.0,15390.0,7538.907148913662,-0.31006458787801017,12764.2,6449.031609472323,0.6934383202099736,12326.42857142857,5535.557239559295,0.8814883937944711,12282.7,5317.919456372446,0.26738430109216615,11,0.951056516295134,0.3090169943750078,26,15846.375
Sulawesi Selatan,2013,3038092,9008,0.29650188341893535,359011789,561,5614021,18546300.96,5053488,16130.0,14390.0,8401.0,8126.0,13891.0,5984.0,12973.666666666666,4054.4864450721943,0.07225330317819312,14085.2,6294.263713888485,0.10854048732463695,13406.0,5417.179032182958,-0.3515225685695774,12623.0,5456.5829763504835,0.5053475935828877,12,0.9510565162951808,-0.30901699437486335,26,15846.375
Sulawesi Selatan,2014,3038092,21475,0.7068581201622597,359011789,561,14045258,44214233.25,12047475,9008.0,16130.0,14390.0,23379.0,9525.0,17831.0,13176.0,3712.9594665092814,0.49235580264072265,14261.6,6094.697145877986,-0.08144060909363104,12708.42857142857,5653.552124028209,1.2545931758530182,12925.4,5121.264236279735,0.20436318770680284,13,0.5877852522925647,-0.8090169943748808,26,15846.375
Sulawesi Selatan,2015,3038092,28080,0.9242643079933064,359011789,561,18521794,57813069.6,15752880,21475.0,9008.0,16130.0,8401.0,8126.0,8573.0,15537.666666666666,6254.571634674505,0.74085554866708,13880.8,5402.833673173111,2.3424592310439234,14415.57142857143,6299.392956396933,2.4555746984986464,13289.8,5614.950297595205,2.275399510089817,14,1.3817110797565086e-13,-1.0,26,15846.375
Sulawesi Selatan,2016,3038092,30886,1.0166249080014693,359011789,561,19955900,63590258.82,17327046,28080.0,21475.0,9008.0,14390.0,23379.0,13891.0,19521.0,9684.982343811616,2.4287300177619895,17816.6,7261.179504734301,1.1463516330785266,17266.14285714286,7397.87927784568,0.32110013259763037,15240.5,7009.505534155251,1.2234540349866818,15,-0.5877852522925252,-0.8090169943749096,26,15846.375
Sulawesi Selatan,2017,3038092,24051,0.7916481791861472,359011789,561,15568084,49517882.37,13492611,30886.0,28080.0,21475.0,16130.0,8401.0,9525.0,26813.666666666668,4831.607427479825,0.11995343422584392,21115.8,8881.764137826092,0.49107253564786113,18338.571428571428,8836.048058140506,1.8628734674443517,16940.0,8539.294974802438,1.5250393700787401,16,-0.9510565162950955,-0.3090169943751262,26,15846.375
Sulawesi Selatan,2018,3038092,19442,0.6399411209403797,359011789,561,12319199,40028550.54,10906962,24051.0,30886.0,28080.0,9008.0,14390.0,8126.0,27672.333333333332,3435.6877525873133,-0.3076210826210827,22700.0,8466.872002101705,1.1583037300177619,20574.285714285714,7824.55597706022,0.35107713690062536,18392.6,8371.642984903618,1.3925670686684715,17,-0.9510565162951491,0.3090169943749612,26,15846.375
Sulawesi Selatan,2019,3038092,22925,0.7545854437587802,359011789,561,14043763,47199594.75,12860925,19442.0,24051.0,30886.0,21475.0,16130.0,23379.0,24793.0,5757.968999564368,-0.25775432234669426,24786.8,4693.658349302158,0.06752037252619325,21296.0,7379.392906379224,0.421264724116553,19524.2,7554.635336446478,-0.019419136832199868,18,-0.5877852522924816,0.8090169943749413,26,15846.375
Sulawesi Selatan,2020,3038092,14268,0.4696368641897612,359011789,561,9204426,29375957.16,8004348,22925.0,19442.0,24051.0,28080.0,9008.0,8401.0,22139.333333333332,2402.8471306508127,-0.40676063365348636,25076.8,4477.708532271153,-0.4918803418803419,22266.714285714286,7024.987774946534,0.5839253996447602,19478.8,7530.220460105859,0.6983692417569336,19,-3.5264875970351066e-14,1.0,26,15846.375
Sulawesi Selatan,2021,3038092,10243,0.3371523969649372,359011789,561,6864991,21089005.41,5746323,14268.0,22925.0,19442.0,30886.0,21475.0,14390.0,18878.333333333332,4355.938743058252,-0.47315091040016455,22314.4,6120.787800599994,-0.6683610697403355,23018.14285714286,5482.337257919889,-0.5230267753201396,20065.5,6760.428951710842,-0.28818624044475327,20,0.5877852522924245,0.8090169943749828,26,15846.375
Sulawesi Selatan,2022,3038092,15943,0.5247701517926383,359011789,561,10626634,32824564.41,8944023,10243.0,14268.0,22925.0,24051.0,28080.0,16130.0,15812.0,6480.450061526721,-0.3045583424209378,18185.8,5849.697744326067,-0.33711695979377154,21413.571428571428,7338.671198005416,-0.4322293447293447,19650.8,7256.269638504744,-0.011593304401735893,21,0.9510565162951273,0.30901699437502833,26,15846.375
Sulawesi Selatan,2023,3038092,26949,0.8870369955880204,359011789,561,16810527,55484487.629999995,15118389,15943.0,10243.0,14268.0,19442.0,30886.0,9008.0,13484.666666666666,2929.6259715660526,0.8887720773759462,16564.2,4856.889508726072,0.3861228268696637,19679.714285714286,6923.133050732818,-0.12746875607071162,19632.1,7266.584807644219,1.9916740674955595,22,0.9510565162951875,-0.30901699437484287,26,15846.375
Sulawesi Selatan,2024,3038092,9599,0.31595488220896534,359011789,561,6390102,19763093.13,5385039,26949.0,15943.0,10243.0,22925.0,24051.0,21475.0,17711.666666666668,8492.275627490877,-0.06287220540857175,18065.6,6757.381726672948,-0.5812868047982551,19117.285714285714,5952.954748538686,-0.6008897758928943,21426.2,6529.479046772494,-0.5530151338766007,23,0.5877852522923983,-0.8090169943750019,26,15846.375
Sulawesi Tengah,2001,5659031,17547,0.3100707523955957,785368439,564,12428948,36320184.36,9896508,14410.5,14240.5,14297.0,14513.5,14205.5,13514.5,15178.666666666668,4017.0082175396165,0.0633849853059043,17240.6,5139.581227977338,0.05911762543411603,17640.071428571428,6234.743617288343,0.041157114531337746,16975.1,7256.98049774816,0.1856132422614606,0,0.5877852522924594,0.8090169943749574,27,35078.291666666664
Sulawesi Tengah,2002,5659031,33169,0.5861250804245463,785368439,564,23385492,68655849.72,18707316,17547.0,14240.5,14297.0,14513.5,14205.5,13514.5,15178.666666666668,4017.0082175396165,0.0633849853059043,17240.6,5139.581227977338,0.05911762543411603,17640.071428571428,6234.743617288343,0.041157114531337746,16975.1,7256.98049774816,0.1856132422614606,1,0.9510565162951407,0.3090169943749873,27,35078.291666666664
Sulawesi Tengah,2003,5659031,20131,0.3557322799610039,785368439,564,13841708,41668754.28,11353884,33169.0,17547.0,14297.0,14513.5,14205.5,13514.5,15178.666666666668,4017.0082175396165,0.0633849853059043,17240.6,5139.581227977338,0.05911762543411603,17640.071428571428,6234.743617288343,0.041157114531337746,16975.1,7256.98049774816,0.1856132422614606,2,0.9510565162951742,-0.3090169943748839,27,35078.291666666664
Sulawesi Tengah,2004,5659031,40160,0.7096621312023207,785368439,564,28834641,83126380.8,22650240,20131.0,33169.0,17547.0,14513.5,14205.5,13514.5,23615.666666666668,8373.702725394382,1.2887103208525672,17240.6,5139.581227977338,0.05911762543411603,17640.071428571428,6234.743617288343,0.041157114531337746,16975.1,7256.98049774816,0.1856132422614606,3,0.5877852522925473,-0.8090169943748935,27,35078.291666666664
Sulawesi Tengah,2005,5659031,18074,0.319383300780646,785368439,564,13144848,37411011.12,10193736,40160.0,20131.0,33169.0,14513.5,14205.5,13514.5,31153.333333333332,10165.500200840068,-0.4550936115047183,17240.6,5139.581227977338,0.05911762543411603,17640.071428571428,6234.743617288343,0.041157114531337746,16975.1,7256.98049774816,0.1856132422614606,4,-1.1076377890021368e-13,-1.0,27,35078.291666666664
Sulawesi Tengah,2006,5659031,30635,0.5413470963491807,785368439,564,22045753,63410773.8,17278140,18074.0,40160.0,20131.0,17547.0,14205.5,13514.5,26121.666666666668,12200.980056260973,0.5217823257662313,25816.2,10252.452082305672,0.7458824870348209,17640.071428571428,6234.743617288343,0.041157114531337746,16975.1,7256.98049774816,0.1856132422614606,5,-0.5877852522923587,-0.8090169943750306,27,35078.291666666664
Sulawesi Tengah,2007,5659031,20347,0.3595491878379885,785368439,564,14464731,42115848.36,11475708,30635.0,18074.0,40160.0,33169.0,14205.5,13514.5,29623.0,11077.723457459375,-0.49335159362549796,28433.8,9233.540908014329,-0.38656576924236485,17640.071428571428,6234.743617288343,0.041157114531337746,16975.1,7256.98049774816,0.1856132422614606,6,-0.9510565162951724,-0.30901699437488944,27,35078.291666666664
Sulawesi Tengah,2008,5659031,16733,0.29568666437769997,785368439,564,11829213,34635302.04,9437412,20347.0,30635.0,18074.0,20131.0,17547.0,13514.5,23018.666666666668,6693.133222436042,-0.0741949762089189,25869.4,9369.186053226498,-0.16879439670160445,25723.285714285714,8883.727121624155,-0.04638969624437228,16975.1,7256.98049774816,0.1856132422614606,7,-0.9510565162951424,0.30901699437498176,27,35078.291666666664
Sulawesi Tengah,2009,5659031,52427,0.9264306910494041,785368439,564,36157946,108517598.75999999,29568828,16733.0,20347.0,30635.0,40160.0,33169.0,13514.5,22571.666666666668,7213.061578364414,0.7113432348620858,25189.8,9992.020301219063,0.305453187250996,25607.0,9012.977476952445,0.5806023696825349,16975.1,7256.98049774816,0.1856132422614606,8,-0.587785252292464,0.809016994374954,27,35078.291666666664
Sulawesi Tengah,2010,5659031,21980,0.3884057182227841,785368439,564,15667417,45495962.4,12396720,52427.0,16733.0,20347.0,18074.0,20131.0,13514.5,29835.666666666668,19647.938958915744,0.0802575318228731,27643.2,14891.47572270707,0.21611154144074352,28358.14285714286,13518.81173807724,0.09184839302568171,16975.1,7256.98049774816,0.1856132422614606,9,-1.3703664537718588e-14,1.0,27,35078.291666666664
Sulawesi Tengah,2011,5659031,26195,0.46288843443338623,785368439,564,18729086,54220506.6,14773980,21980.0,52427.0,16733.0,30635.0,40160.0,17547.0,30380.0,19272.659624451055,0.5654694316619853,28424.4,14356.837005412233,-0.1449322670148523,28622.285714285714,13348.25863442418,-0.3477340637450199,27120.3,11841.231815145667,0.49284778024733567,10,0.5877852522924419,0.8090169943749701,27,35078.291666666664
Sulawesi Tengah,2012,5659031,37172,0.6568615722373671,785368439,564,27777898,76941579.36,20965008,26195.0,21980.0,52427.0,20347.0,18074.0,33169.0,33534.0,16496.98890706867,-0.29097602380452825,27536.4,14323.196458890523,0.8269032289772449,26627.285714285714,12342.128000125436,1.0566559699015161,27985.1,11370.831372420305,0.12068497693629587,11,0.951056516295134,0.3090169943750078,27,35078.291666666664
Sulawesi Tengah,2013,5659031,28515,0.5038848523713689,785368439,564,21307812,59022628.199999996,16082460,37172.0,26195.0,21980.0,16733.0,30635.0,20131.0,28449.0,7842.805811694264,0.29731574158325746,30901.4,14187.644423933602,0.7041176119046195,29355.571428571428,12246.742721465374,-0.0692018932593439,28385.4,11640.857959981397,0.4164721076946003,12,0.9510565162951808,-0.30901699437486335,27,35078.291666666664
Sulawesi Tengah,2014,5659031,46762,0.8263252136275626,785368439,564,31992205,96791728.56,26373768,28515.0,37172.0,26195.0,52427.0,20347.0,40160.0,30627.333333333332,5785.334591298871,0.7851498377552968,33257.8,12065.915410774864,-0.10805500982318272,29052.714285714286,12236.038366432695,1.2982257826706638,29223.8,11276.517870730599,0.1643924302788844,13,0.5877852522925647,-0.8090169943748808,27,35078.291666666664
Sulawesi Tengah,2015,5659031,91932,1.624518402532165,785368439,564,57308397,190288208.16,51849648,46762.0,28515.0,37172.0,21980.0,16733.0,18074.0,37483.0,9127.474623352722,1.473151834714301,32124.8,9884.735742546398,3.182529572338489,32826.28571428572,13143.27622416921,4.494053666407697,29884.0,12147.555977324811,4.086422485338055,14,1.3817110797565086e-13,-1.0,27,35078.291666666664
Sulawesi Tengah,2016,5659031,74262,1.3122741331510641,785368439,564,41189343,153713428.56,41883768,91932.0,46762.0,28515.0,26195.0,52427.0,30635.0,55736.333333333336,32647.09736459409,1.6043135192004208,46115.2,26861.49542933109,1.8349685054399694,43569.0,24024.72512503274,0.41648387281362664,37269.8,22343.39532936883,1.424090093030847,15,-0.5877852522925252,-0.8090169943749096,27,35078.291666666664
Sulawesi Tengah,2017,5659031,36947,0.6528856265321749,785368439,564,25193733,76475856.36,20838108,74262.0,91932.0,46762.0,37172.0,21980.0,20347.0,70985.33333333333,22762.570885848785,-0.20989264787648088,55728.6,26549.484134347615,-0.006052943075433137,46688.28571428572,26641.480769121554,0.6809372156505915,41632.5,25004.703136499345,0.8158450877279206,16,-0.9510565162950955,-0.3090169943751262,27,35078.291666666664
Sulawesi Tengah,2018,5659031,37525,0.6630993892770688,785368439,564,25296803,77672247.0,21164100,36947.0,74262.0,91932.0,28515.0,26195.0,16733.0,67713.66666666667,28071.303110708803,-0.5918178653787582,55683.6,26588.961060936093,0.3159740487462739,48826.42857142857,24869.66916317462,0.43252529108608506,43292.5,23963.959073993086,1.242574553277954,17,-0.9510565162951491,0.3090169943749612,27,35078.291666666664
Sulawesi Tengah,2019,5659031,45513,0.8042542972462954,785368439,564,30572299,94206448.44,25669332,37525.0,36947.0,74262.0,46762.0,37172.0,52427.0,49578.0,21378.924505221283,-0.38712935283186556,57485.6,24511.514178034286,-0.02670972156879514,50445.0,23481.21582598973,0.22438932529861177,45371.7,22243.771413089846,-0.13187861216548724,18,-0.5877852522924816,0.8090169943749413,27,35078.291666666664
Sulawesi Tengah,2020,5659031,26788,0.473367260225293,785368439,564,18237145,55447945.44,15108432,45513.0,37525.0,36947.0,91932.0,28515.0,21980.0,39995.0,4787.459033761885,-0.2749614312393428,57235.8,24654.070976209503,-0.7086107122655876,51636.57142857143,22899.847807771366,-0.06056461511485178,44680.3,22107.13979213286,0.21874431301182895,19,-3.5264875970351066e-14,1.0,27,35078.291666666664
Sulawesi Tengah,2021,5659031,22583,0.39906125271269943,785368439,564,15613883,46744100.04,12736812,26788.0,45513.0,37525.0,74262.0,46762.0,26195.0,36608.666666666664,9396.071324403652,-0.3981878747501666,44207.0,18067.83707309691,-0.6959009991651182,51389.857142857145,23197.83229405068,-0.517065138360207,45161.1,21605.16851974735,-0.13788891009734683,20,0.5877852522924245,0.8090169943749828,27,35078.291666666664
Sulawesi Tengah,2022,5659031,24645,0.43549858624206156,785368439,564,17154002,51012192.6,13899780,22583.0,26788.0,45513.0,36947.0,91932.0,37172.0,31628.0,12207.187431998651,-0.4585063608199855,33871.2,9164.298783866363,-0.3329634341083173,47935.71428571428,25670.140810641064,-0.7319214201801332,44799.9,21984.34482611089,-0.3370009684708921,21,0.9510565162951273,0.30901699437502833,27,35078.291666666664
Sulawesi Tengah,2023,5659031,43093,0.7614907923282273,785368439,564,29829629,89197338.84,24304452,24645.0,22583.0,26788.0,37525.0,74262.0,28515.0,24672.0,2102.630019747599,0.6086680603255188,31410.8,9763.86026118637,0.1483810792804796,38323.28571428572,17859.309007857584,-0.4197166787859201,43547.2,22808.734485816174,0.5112396984043486,22,0.9510565162951875,-0.30901699437484287,27,35078.291666666664
Sulawesi Tengah,2024,5659031,28744,0.5079314815557645,785368439,564,20285309,59496630.72,16211616,43093.0,24645.0,22583.0,45513.0,36947.0,46762.0,30107.0,11293.36566307606,0.27281583492007266,32524.4,10888.315976310314,-0.3684441807835124,33870.57142857143,9184.242372260775,-0.2220207324004655,45005.0,22198.930835115403,-0.3853128608699371,23,0.5877852522923983,-0.8090169943750019,27,35078.291666666664
Sulawesi Tenggara,2001,3163838,15947,0.5040397137906555,418959491,551,10169831,32247544.99,8786797,14410.5,14240.5,14297.0,14513.5,14205.5,13514.5,15178.666666666668,4017.0082175396165,0.0633849853059043,17240.6,5139.581227977338,0.05911762543411603,17640.071428571428,6234.743617288343,0.041157114531337746,16975.1,7256.98049774816,0.1856132422614606,0,0.5877852522924594,0.8090169943749574,28,23719.75
Sulawesi Tenggara,2002,3163838,15851,0.5010054244243859,418959491,551,10377807,32053416.669999998,8733901,15947.0,14240.5,14297.0,14513.5,14205.5,13514.5,15178.666666666668,4017.0082175396165,0.0633849853059043,17240.6,5139.581227977338,0.05911762543411603,17640.071428571428,6234.743617288343,0.041157114531337746,16975.1,7256.98049774816,0.1856132422614606,1,0.9510565162951407,0.3090169943749873,28,23719.75
Sulawesi Tenggara,2003,3163838,13418,0.4241051532979881,418959491,551,9347131,27133477.06,7393318,15851.0,15947.0,14297.0,14513.5,14205.5,13514.5,15178.666666666668,4017.0082175396165,0.0633849853059043,17240.6,5139.581227977338,0.05911762543411603,17640.071428571428,6234.743617288343,0.041157114531337746,16975.1,7256.98049774816,0.1856132422614606,2,0.9510565162951742,-0.3090169943748839,28,23719.75
Sulawesi Tenggara,2004,3163838,41603,1.3149535469262332,418959491,551,29328104,84128338.51,22923253,13418.0,15851.0,15947.0,14513.5,14205.5,13514.5,15072.0,1433.2100334357856,1.608829246880291,17240.6,5139.581227977338,0.05911762543411603,17640.071428571428,6234.743617288343,0.041157114531337746,16975.1,7256.98049774816,0.1856132422614606,3,0.5877852522925473,-0.8090169943748935,28,23719.75
Sulawesi Tenggara,2005,3163838,16418,0.5189266959939163,418959491,551,11463861,33199987.06,9046318,41603.0,13418.0,15851.0,14513.5,14205.5,13514.5,23624.0,15617.720800422303,0.035770613841398013,17240.6,5139.581227977338,0.05911762543411603,17640.071428571428,6234.743617288343,0.041157114531337746,16975.1,7256.98049774816,0.1856132422614606,4,-1.1076377890021368e-13,-1.0,28,23719.75
Sulawesi Tenggara,2006,3163838,44384,1.4028531170053586,418959491,551,29285970,89751993.28,24455584,16418.0,41603.0,13418.0,15947.0,14205.5,13514.5,23813.0,15479.440396860073,2.3077954985839915,20647.4,11772.727309335494,1.7832194143099014,17640.071428571428,6234.743617288343,0.041157114531337746,16975.1,7256.98049774816,0.1856132422614606,5,-0.5877852522923587,-0.8090169943750306,28,23719.75
Sulawesi Tenggara,2007,3163838,9984,0.315566094092049,418959491,551,6969525,20189345.28,5501184,44384.0,16418.0,41603.0,15851.0,14205.5,13514.5,34135.0,15406.250582148352,-0.7600173064442468,26334.8,15280.61074368345,-0.3701343763800391,17640.071428571428,6234.743617288343,0.041157114531337746,16975.1,7256.98049774816,0.1856132422614606,6,-0.9510565162951724,-0.30901699437488944,28,23719.75
Sulawesi Tenggara,2008,3163838,8700,0.27498247381819174,418959491,551,5790844,17592879.0,4793700,9984.0,44384.0,16418.0,13418.0,15947.0,13514.5,23595.333333333332,18288.673689835377,-0.4700937994883664,25161.4,16466.196579659005,-0.3516172305857803,22515.0,14183.95339812046,-0.45444284191383955,16975.1,7256.98049774816,0.1856132422614606,7,-0.9510565162951424,0.30901699437498176,28,23719.75
Sulawesi Tenggara,2009,3163838,30091,0.9510916804210583,418959491,551,19951838,60849117.47,16580141,8700.0,9984.0,44384.0,41603.0,15851.0,13514.5,21022.666666666668,20241.691760652713,-0.32203046142754144,24217.8,17415.22940417306,-0.27671081412398146,21479.714285714286,14985.10421178807,0.8983660336887263,16975.1,7256.98049774816,0.1856132422614606,8,-0.587785252292464,0.809016994374954,28,23719.75
Sulawesi Tenggara,2010,3163838,7630,0.241162790256644,418959491,551,5476674,15429157.1,4204130,30091.0,8700.0,9984.0,16418.0,13418.0,13514.5,16258.333333333334,11996.631374401508,-0.2357772435897436,21915.4,15156.72236335989,-0.5352661712754294,23514.0,15060.011498448,-0.4313608585482188,16975.1,7256.98049774816,0.1856132422614606,9,-1.3703664537718588e-14,1.0,28,23719.75
Sulawesi Tenggara,2011,3163838,22949,0.7253531944429519,418959491,551,14926665,46406779.33,12644899,7630.0,30091.0,8700.0,44384.0,41603.0,15947.0,15473.666666666666,12670.282172598776,1.637816091954023,20157.8,16411.20340499056,-0.4829443042537851,22687.14285714286,15845.136314010579,-0.44838112636107974,20402.6,13467.23634273675,0.4390794506803788,10,0.5877852522924419,0.8090169943749701,28,23719.75
Sulawesi Tenggara,2012,3163838,23041,0.728261055085627,418959491,551,15481424,46592818.97,12695591,22949.0,7630.0,30091.0,9984.0,16418.0,15851.0,20223.333333333332,11475.891003894894,-0.2342893223887541,15870.8,10078.449469039047,1.307792467948718,20022.285714285714,13533.65398693749,0.40339870873431605,21102.8,13391.65193361631,0.45359914200996787,11,0.951056516295134,0.3090169943750078,28,23719.75
Sulawesi Tenggara,2013,3163838,15485,0.4894371962154826,418959491,551,10210219,31313302.45,8532235,23041.0,22949.0,7630.0,8700.0,44384.0,13418.0,17873.333333333332,8871.106150490765,1.029488859764089,18482.2,9861.045568294147,0.7798850574712644,20968.428571428572,13471.044241350945,-0.6511130136986301,21821.8,13270.822965355088,0.15404680280220595,12,0.9510565162951808,-0.30901699437486335,28,23719.75
Sulawesi Tenggara,2014,3163838,39717,1.2553424037513932,418959491,551,25294326,80314525.89,21884067,15485.0,23041.0,22949.0,30091.0,9984.0,41603.0,20491.666666666668,4336.144524030055,0.7306636454747484,19839.2,8559.284502805926,0.319896314512645,16840.0,8672.617290456294,2.9780649038461537,22028.5,13140.846457178066,-0.045333269235391715,13,0.5877852522925647,-0.8090169943748808,28,23719.75
Sulawesi Tenggara,2015,3163838,43540,1.3761766563269042,418959491,551,28523866,88045281.8,23990540,39717.0,15485.0,23041.0,7630.0,8700.0,16418.0,26081.0,12398.736064613366,0.8896749273035025,21764.4,11880.035345064163,4.706422018348624,21087.571428571428,11556.708698952069,4.004597701149425,21839.9,12838.755966474513,1.6519673529053476,14,1.3817110797565086e-13,-1.0,28,23719.75
Sulawesi Tenggara,2016,3163838,38445,1.2151380696483196,418959491,551,25372965,77742325.64999999,21183195,43540.0,39717.0,15485.0,22949.0,30091.0,44384.0,32914.0,15214.511592553543,1.4827252179528574,28946.4,12052.290562377519,0.6752363937426467,26064.714285714286,12771.06796257908,0.277624538898674,24552.1,14342.787366246186,-0.1338094808940159,15,-0.5877852522925252,-0.8090169943749096,28,23719.75
Sulawesi Tenggara,2017,3163838,27135,0.8576608536846704,418959491,551,18303384,54871582.949999996,14951385,38445.0,43540.0,39717.0,23041.0,7630.0,9984.0,40567.333333333336,2651.80246875246,-0.31679129843643783,32045.6,12116.726282291533,0.17768326027516168,27258.14285714286,13575.04853801913,2.5563564875491482,23958.2,13530.300093576645,1.7178485576923075,16,-0.9510565162950955,-0.3090169943751262,28,23719.75
Sulawesi Tenggara,2018,3163838,24214,0.7653362782797349,418959491,551,15859900,48964824.38,13341914,27135.0,38445.0,43540.0,15485.0,22949.0,8700.0,36373.333333333336,8396.419375738707,-0.4438677078548461,32864.4,11477.57843797961,0.5637068130448821,30044.571428571428,10536.393593276189,0.055122227548041414,25673.3,12618.41378524152,1.7832183908045978,17,-0.9510565162951491,0.3090169943749612,28,23719.75
Sulawesi Tenggara,2019,3163838,34956,1.104860615492955,418959491,551,23569141,70686974.52,19260756,24214.0,27135.0,38445.0,39717.0,23041.0,30091.0,29931.333333333332,7516.312282847122,-0.09075302380023409,34610.2,8433.356609320783,-0.11987310219805125,30225.285714285714,10404.433073045311,0.5171216527060458,27224.7,11170.335328201294,0.16167624871223962,18,-0.5877852522924816,0.8090169943749413,28,23719.75
Sulawesi Tenggara,2020,3163838,18920,0.5980078626023203,418959491,551,13097017,38259456.4,10424920,34956.0,24214.0,27135.0,43540.0,15485.0,7630.0,28768.333333333332,5554.140287504286,-0.30274553160125295,33658.0,7968.575186316213,-0.5654570509875976,31927.428571428572,9999.9835809414,0.22182757507265105,27711.2,11412.361833653875,1.4796854521625162,19,-3.5264875970351066e-14,1.0,28,23719.75
Sulawesi Tenggara,2021,3163838,12405,0.39208707904766305,418959491,551,8748481,25085018.849999998,6835155,18920.0,34956.0,24214.0,38445.0,39717.0,22949.0,26030.0,8170.784295276926,-0.4876930701247212,28734.0,7942.269858168645,-0.6773312524385486,32418.14285714286,9102.675127468863,-0.6876652315129541,28840.2,9623.248571386062,-0.4594535709616977,20,0.5877852522924245,0.8090169943749828,28,23719.75
Sulawesi Tenggara,2022,3163838,13369,0.42255640143395456,418959491,551,9496938,27034390.73,7366319,12405.0,18920.0,34956.0,27135.0,43540.0,23041.0,22093.666666666668,11605.64605410988,-0.6175477743448907,23526.0,8500.51471970809,-0.5073152754744794,28516.428571428572,11089.342614379753,-0.6929490124023886,27785.8,10841.044361336311,-0.419773447333015,21,0.9510565162951273,0.30901699437502833,28,23719.75
Sulawesi Tenggara,2023,3163838,34164,1.07982772822123,418959491,551,23182187,69085415.88,18824364,13369.0,12405.0,18920.0,24214.0,38445.0,15485.0,14898.0,3516.3456883447643,0.805708245243129,20772.8,9236.80435540202,0.4109193028826299,24206.285714285714,10095.681349211382,-0.11135388216933284,26818.6,11708.166297267133,1.206264126574104,22,0.9510565162951875,-0.30901699437484287,28,23719.75
Sulawesi Tenggara,2024,3163838,16908,0.5344142146342512,418959491,551,11842099,34190850.36,9316308,34164.0,13369.0,12405.0,34956.0,27135.0,39717.0,19979.333333333332,12293.734189955288,0.3629987908101573,22762.8,11056.17586238451,-0.5163062135255749,23594.714285714286,9177.269414418142,-0.37689331122166947,28686.5,11177.081364710135,-0.5742880882241861,23,0.5877852522923983,-0.8090169943750019,28,23719.75
Sulawesi Utara,2001,1305508,4520,0.3462253774009811,174301375,658,3294206,10915167.2,2974160,14410.5,14240.5,14297.0,14513.5,14205.5,13514.5,15178.666666666668,4017.0082175396165,0.0633849853059043,17240.6,5139.581227977338,0.05911762543411603,17640.071428571428,6234.743617288343,0.041157114531337746,16975.1,7256.98049774816,0.1856132422614606,0,0.5877852522924594,0.8090169943749574,29,5170.75
Sulawesi Utara,2002,1305508,7683,0.5885065430468446,174301375,658,5721596,18553369.38,5055414,4520.0,14240.5,14297.0,14513.5,14205.5,13514.5,15178.666666666668,4017.0082175396165,0.0633849853059043,17240.6,5139.581227977338,0.05911762543411603,17640.071428571428,6234.743617288343,0.041157114531337746,16975.1,7256.98049774816,0.1856132422614606,1,0.9510565162951407,0.3090169943749873,29,5170.75
Sulawesi Utara,2003,1305508,2910,0.22290173633558738,174301375,658,2303683,7027242.6,1914780,7683.0,4520.0,14297.0,14513.5,14205.5,13514.5,15178.666666666668,4017.0082175396165,0.0633849853059043,17240.6,5139.581227977338,0.05911762543411603,17640.071428571428,6234.743617288343,0.041157114531337746,16975.1,7256.98049774816,0.1856132422614606,2,0.9510565162951742,-0.3090169943748839,29,5170.75
Sulawesi Utara,2004,1305508,6841,0.5240105767256884,174301375,658,5135478,16520057.26,4501378,2910.0,7683.0,4520.0,14513.5,14205.5,13514.5,5037.666666666667,2428.2434666382255,0.5134955752212389,17240.6,5139.581227977338,0.05911762543411603,17640.071428571428,6234.743617288343,0.041157114531337746,16975.1,7256.98049774816,0.1856132422614606,3,0.5877852522925473,-0.8090169943748935,29,5170.75
Sulawesi Utara,2005,1305508,3473,0.26602671144106355,174301375,658,2625402,8386808.78,2285234,6841.0,2910.0,7683.0,14513.5,14205.5,13514.5,5811.333333333333,2547.6542805630934,-0.5479630352726799,17240.6,5139.581227977338,0.05911762543411603,17640.071428571428,6234.743617288343,0.041157114531337746,16975.1,7256.98049774816,0.1856132422614606,4,-1.1076377890021368e-13,-1.0,29,5170.75
Sulawesi Utara,2006,1305508,4894,0.37487322942486756,174301375,658,3603132,11818324.84,3220252,3473.0,6841.0,2910.0,4520.0,14205.5,13514.5,4408.0,2125.760804967885,0.681786941580756,5085.4,2090.5461726479143,0.08274336283185835,17640.071428571428,6234.743617288343,0.041157114531337746,16975.1,7256.98049774816,0.1856132422614606,5,-0.5877852522923587,-0.8090169943750306,29,5170.75
Sulawesi Utara,2007,1305508,4278,0.3276885319737604,174301375,658,3172735,10330771.08,2814924,4894.0,3473.0,6841.0,7683.0,14205.5,13514.5,5069.333333333333,1690.8318465392224,-0.3746528285338401,5160.2,2071.8659946948424,-0.4431862553689965,17640.071428571428,6234.743617288343,0.041157114531337746,16975.1,7256.98049774816,0.1856132422614606,6,-0.9510565162951724,-0.30901699437488944,29,5170.75
Sulawesi Utara,2008,1305508,1609,0.12324704253057048,174301375,658,1174697,3885509.7399999998,1058722,4278.0,4894.0,3473.0,2910.0,4520.0,13514.5,4215.0,712.5917484350035,-0.5367117765620502,4479.2,1521.9614646806301,-0.44707903780068725,4942.714285714285,1733.3756771555795,-0.6440265486725664,16975.1,7256.98049774816,0.1856132422614606,7,-0.9510565162951424,0.30901699437498176,29,5170.75
Sulawesi Utara,2009,1305508,6999,0.5361131452277581,174301375,658,5093019,16901605.14,4605342,1609.0,4278.0,4894.0,6841.0,7683.0,13514.5,3593.6666666666665,1746.1501462562742,0.43011851246424193,4219.0,1917.1988681336095,0.02309603859084919,4526.857142857143,2150.656909624735,-0.08902772354549005,16975.1,7256.98049774816,0.1856132422614606,8,-0.587785252292464,0.809016994374954,29,5170.75
Sulawesi Utara,2010,1305508,2037,0.15603121543491116,174301375,658,1489483,4919069.82,1340346,6999.0,1609.0,4278.0,3473.0,2910.0,13514.5,4295.333333333333,2695.0418054774236,-0.5238429172510519,4250.6,1971.746002905241,-0.4134753815145408,4429.142857142857,1993.1284812868064,-0.30000000000000004,16975.1,7256.98049774816,0.1856132422614606,9,-1.3703664537718588e-14,1.0,29,5170.75
Sulawesi Utara,2011,1305508,3116,0.2386810345091719,174301375,658,2254193,7524703.76,2050328,2037.0,6999.0,1609.0,4894.0,6841.0,4520.0,3548.3333333333335,2996.0175789322057,0.9366065879428216,3963.4,2204.2046864964195,-0.36330200245198196,4304.428571428572,2126.853846829593,-0.5445110363981873,4524.4,2109.8398148829497,-0.3106194690265487,10,0.5877852522924419,0.8090169943749701,29,5170.75
Sulawesi Utara,2012,1305508,2671,0.20459468651283638,174301375,658,1871892,6450091.06,1757518,3116.0,2037.0,6999.0,4278.0,3473.0,7683.0,4050.6666666666665,2609.705411204671,-0.6183740534362052,3607.8,2159.5072817596047,-0.3756428237494156,3772.285714285714,1831.9834164519557,-0.23092427296285634,4384.0,2156.3669549650726,-0.6523493427046727,11,0.951056516295134,0.3090169943750078,29,5170.75
Sulawesi Utara,2013,1305508,1715,0.13136648722183242,174301375,658,1209358,4141484.9,1128470,2671.0,3116.0,2037.0,1609.0,4894.0,2910.0,2608.0,542.251786476713,-0.15807560137457044,3286.4,2154.403815437751,0.06587942821628334,3657.714285714286,1878.3126926814807,-0.6495709031467103,3882.8,1867.5063468637868,-0.4106529209621993,12,0.9510565162951808,-0.30901699437486335,29,5170.75
Sulawesi Utara,2014,1305508,6875,0.526614926909678,174301375,658,4862561,16602162.5,4523750,1715.0,2671.0,3116.0,6999.0,4278.0,6841.0,2500.6666666666665,715.8633481821016,1.206354300385109,3307.6,2134.1979289589663,-0.017716816688098325,3203.5714285714284,1913.5642012853652,0.6070593735390368,3763.3,1971.9824796435157,0.004970033620815606,13,0.5877852522925647,-0.8090169943748808,29,5170.75
Sulawesi Utara,2015,1305508,15596,1.1946307491030312,174301375,658,10853927,37662156.56,10262168,6875.0,1715.0,2671.0,2037.0,1609.0,3473.0,3753.6666666666665,2745.091133873492,4.839011606140023,3282.8,2080.6271169944744,6.6563573883161515,3574.5714285714284,2356.9709273643502,8.692977004350528,3766.7,1977.8989441713954,3.4906420961704576,14,1.3817110797565086e-13,-1.0,29,5170.75
Sulawesi Utara,2016,1305508,8782,0.6726883328175699,174301375,658,5885109,21207300.52,5778556,15596.0,6875.0,1715.0,3116.0,6999.0,4894.0,8062.0,7016.214577672121,4.1206997084548105,5994.6,5714.228233101378,1.8183568677792041,5572.714285714285,4933.476148196219,0.2547506786683813,4979.0,4221.08627409511,0.7944421740907233,15,-0.5877852522925252,-0.8090169943749096,29,5170.75
Sulawesi Utara,2017,1305508,5777,0.44250973567377605,174301375,658,4201972,13950646.219999999,3801266,8782.0,15596.0,6875.0,2671.0,2037.0,4278.0,10417.666666666666,4584.8134458528175,-0.1597090909090909,7127.8,5560.399419104077,1.1628603519281167,5827.428571428572,5063.6974257064985,1.8360333824251351,5367.8,4388.141261782041,0.35039738195418413,16,-0.9510565162950955,-0.3090169943751262,29,5170.75
Sulawesi Utara,2018,1305508,7455,0.5710420771071492,174301375,658,5429694,18002781.3,4905390,5777.0,8782.0,15596.0,1715.0,3116.0,1609.0,10051.666666666666,5031.126149608324,-0.5219928186714542,7749.0,5091.7657546251085,3.3469387755102042,6361.714285714285,4786.842303455802,1.3924903722721438,5517.7,4372.351694965213,3.6333126165320078,17,-0.9510565162951491,0.3090169943749612,29,5170.75
Sulawesi Utara,2019,1305508,8921,0.6833355291579982,174301375,658,6485071,21542966.06,5870018,7455.0,5777.0,8782.0,6875.0,2671.0,6999.0,7338.0,1505.9126800510571,0.015827829651559933,8897.0,3898.463607624556,0.2976000000000001,6981.571428571428,4572.639786721255,2.3399475851740923,6102.3,4178.180865456291,0.2746106586655237,18,-0.5877852522924816,0.8090169943749413,29,5170.75
Sulawesi Utara,2020,1305508,3124,0.23929382278775774,174301375,658,2242271,7544022.64,2055592,8921.0,7455.0,5777.0,15596.0,1715.0,2037.0,7384.333333333333,1573.190812734394,-0.4592348970053661,9306.2,3737.209614133664,-0.7996922287766094,7874.428571428572,4184.379836858251,0.8215743440233236,6294.5,4267.270120088297,0.5336278841433482,19,-3.5264875970351066e-14,1.0,29,5170.75
Sulawesi Utara,2021,1305508,2824,0.21631426234078993,174301375,658,2165404,6819564.64,1858192,3124.0,8921.0,7455.0,8782.0,6875.0,3116.0,6500.0,3014.1866232763878,-0.6211938296445338,6811.8,2419.4420224450405,-0.6784331587337736,8075.714285714285,3860.0217492677552,-0.5892363636363636,6403.2,4159.246133618518,-0.09370988446726569,20,0.5877852522924245,0.8090169943749828,29,5170.75
Sulawesi Utara,2022,1305508,2731,0.2091905986022299,174301375,658,2103626,6594982.66,1796998,2824.0,3124.0,8921.0,5777.0,15596.0,2671.0,4956.333333333333,3436.777026993633,-0.6938684004035423,5620.2,2661.5834948340203,-0.5272632854422711,7497.0,4343.443794969426,-0.8248909976917158,6374.0,4185.8281803695845,0.022463496817671347,21,0.9510565162951273,0.30901699437502833,29,5170.75
Sulawesi Utara,2023,1305508,5793,0.44373531223094764,174301375,658,4498387,13989283.98,3811794,2731.0,2824.0,3124.0,7455.0,8782.0,1715.0,2893.0,205.38500416842288,0.8543533930857874,5011.0,2949.7192239216333,-0.22293762575452714,5659.142857142857,2788.9647678394117,-0.34035527214757455,6380.0,4179.969404462528,2.3778425655976676,22,0.9510565162951875,-0.30901699437484287,29,5170.75
Sulawesi Utara,2024,1305508,3474,0.2661033099758868,174301375,658,2607491,8389223.64,2285892,5793.0,2731.0,2824.0,8921.0,5777.0,6875.0,3782.6666666666665,1741.6206054335873,0.23016997167138808,4678.6,2687.4389853488437,-0.6105817733437955,5232.142857142857,2437.872188935062,-0.39864981824476375,6787.8,3861.0394915846286,-0.49469090909090907,23,0.5877852522923983,-0.8090169943750019,29,5170.75
Sumatera Barat,2001,3810773,15016,0.3940407890997443,514069620,693,9017154,38190342.96,10406088,14410.5,14240.5,14297.0,14513.5,14205.5,13514.5,15178.666666666668,4017.0082175396165,0.0633849853059043,17240.6,5139.581227977338,0.05911762543411603,17640.071428571428,6234.743617288343,0.041157114531337746,16975.1,7256.98049774816,0.1856132422614606,0,0.5877852522924594,0.8090169943749574,30,30866.958333333332
Sumatera Barat,2002,3810773,15384,0.40369762250336083,514069620,693,10946027,39126281.04,10661112,15016.0,14240.5,14297.0,14513.5,14205.5,13514.5,15178.666666666668,4017.0082175396165,0.0633849853059043,17240.6,5139.581227977338,0.05911762543411603,17640.071428571428,6234.743617288343,0.041157114531337746,16975.1,7256.98049774816,0.1856132422614606,1,0.9510565162951407,0.3090169943749873,30,30866.958333333332
Sumatera Barat,2003,3810773,9833,0.2580316382004386,514069620,693,6925240,25008367.23,6814269,15384.0,15016.0,14297.0,14513.5,14205.5,13514.5,15178.666666666668,4017.0082175396165,0.0633849853059043,17240.6,5139.581227977338,0.05911762543411603,17640.071428571428,6234.743617288343,0.041157114531337746,16975.1,7256.98049774816,0.1856132422614606,2,0.9510565162951742,-0.3090169943748839,30,30866.958333333332
Sumatera Barat,2004,3810773,26547,0.6966303162114353,514069620,693,19550162,67517250.57,18397071,9833.0,15384.0,15016.0,14513.5,14205.5,13514.5,13411.0,3104.097131202618,0.7679142248268513,17240.6,5139.581227977338,0.05911762543411603,17640.071428571428,6234.743617288343,0.041157114531337746,16975.1,7256.98049774816,0.1856132422614606,3,0.5877852522925473,-0.8090169943748935,30,30866.958333333332
Sumatera Barat,2005,3810773,29284,0.7684530146508334,514069620,693,23398786,74478290.03999999,20293812,26547.0,9833.0,15384.0,14513.5,14205.5,13514.5,17254.666666666668,8512.578594836865,0.9035361414456577,17240.6,5139.581227977338,0.05911762543411603,17640.071428571428,6234.743617288343,0.041157114531337746,16975.1,7256.98049774816,0.1856132422614606,4,-1.1076377890021368e-13,-1.0,30,30866.958333333332
Sumatera Barat,2006,3810773,32715,0.8584872413024864,514069620,693,23944895,83204386.64999999,22671495,29284.0,26547.0,9833.0,15016.0,14205.5,13514.5,21888.0,10529.247883868193,2.327061934302858,19212.8,8298.690360531213,1.1786760788492274,17640.071428571428,6234.743617288343,0.041157114531337746,16975.1,7256.98049774816,0.1856132422614606,5,-0.5877852522923587,-0.8090169943750306,30,30866.958333333332
Sumatera Barat,2007,3810773,31672,0.8311174661938666,514069620,693,23416049,80551714.32,21948696,32715.0,29284.0,26547.0,15384.0,14205.5,13514.5,29515.333333333332,3090.5003370455024,0.19305382905789736,22752.6,9714.916381522482,1.0587623504940198,17640.071428571428,6234.743617288343,0.041157114531337746,16975.1,7256.98049774816,0.1856132422614606,6,-0.9510565162951724,-0.30901699437488944,30,30866.958333333332
Sumatera Barat,2008,3810773,34037,0.893178365649174,514069620,693,25112921,86566642.47,23587641,31672.0,32715.0,29284.0,9833.0,15016.0,13514.5,31223.666666666668,1758.8895170757198,0.16230706187679278,26010.2,9350.374896226036,2.4615071697345674,22921.571428571428,9280.168979375707,1.2667155034629727,16975.1,7256.98049774816,0.1856132422614606,7,-0.9510565162951424,0.30901699437498176,30,30866.958333333332
Sumatera Barat,2009,3810773,40537,1.063747433919575,514069620,693,29260461,103098157.47,28092141,34037.0,31672.0,32715.0,26547.0,15384.0,13514.5,32808.0,1185.2396381938904,0.23909521626165375,30851.0,2969.807990421997,0.5269898670282895,25638.85714285714,9363.923846848376,1.6350104004160166,16975.1,7256.98049774816,0.1856132422614606,8,-0.587785252292464,0.809016994374954,30,30866.958333333332
Sumatera Barat,2010,3810773,22960,0.6025024319212926,514069620,693,15887809,58394397.6,15911280,40537.0,34037.0,31672.0,29284.0,9833.0,13514.5,35415.333333333336,4590.414832374095,-0.2750694619853499,33649.0,4225.789807831726,-0.215954104630515,29232.14285714286,9596.084868818867,1.334994406590054,16975.1,7256.98049774816,0.1856132422614606,9,-1.3703664537718588e-14,1.0,30,30866.958333333332
Sumatera Barat,2011,3810773,42570,1.1170961901955325,514069620,693,30825617,108268706.7,29501010,22960.0,40537.0,34037.0,32715.0,26547.0,15016.0,32511.333333333332,8887.26483983004,0.2506977700737434,32384.2,6297.461766455944,0.3012379642365888,31107.428571428572,5640.703645742926,0.6035710249745734,25798.5,9819.59260582954,1.8349760255727223,10,0.5877852522924419,0.8090169943749701,30,30866.958333333332
Sumatera Barat,2012,3810773,36511,0.9580995771724005,514069620,693,28198779,92858791.41,25302123,42570.0,22960.0,40537.0,31672.0,29284.0,15384.0,35355.666666666664,10782.981328615946,-0.09931667365616592,34355.2,7791.806382346428,0.1527847941399343,33396.42857142857,6643.563472948589,0.2467900560032783,28553.9,10311.364846076693,1.3733099323972957,11,0.951056516295134,0.3090169943750078,30,30866.958333333332
Sumatera Barat,2013,3810773,22433,0.5886732166938309,514069620,693,15784603,57054073.23,15546069,36511.0,42570.0,22960.0,34037.0,32715.0,9833.0,34013.666666666664,10040.693717730848,-0.02295296167247385,35323.0,7674.856904201836,-0.34092311308282164,34428.857142857145,6456.892168546661,-0.31429008100259814,30666.6,9440.764837190267,1.2813993694701513,12,0.9510565162951808,-0.30901699437486335,30,30866.958333333332
Sumatera Barat,2014,3810773,30560,0.801937034822069,514069620,693,19153561,77723553.6,21178080,22433.0,36511.0,42570.0,40537.0,31672.0,26547.0,33838.0,10331.185265977296,-0.2821235611933286,33002.2,9658.952515670342,-0.24612082788563538,32960.0,7916.325241763541,-0.03510987623137152,31926.6,6831.541605752539,0.15116585678231065,13,0.5877852522925647,-0.8090169943748808,30,30866.958333333332
Sumatera Barat,2015,3810773,22500,0.5904313901667719,514069620,693,14375404,57224475.0,15592500,30560.0,22433.0,36511.0,22960.0,34037.0,29284.0,29834.666666666668,7066.9726427430405,-0.38374736380816743,31006.8,8695.752969120864,-0.020034843205574915,32801.142857142855,7957.52933660357,-0.33895466698005117,32327.9,6594.161802518542,-0.23166234121021723,14,1.3817110797565086e-13,-1.0,30,30866.958333333332
Sumatera Barat,2016,3810773,39172,1.0279279295827906,514069620,693,25164386,99626539.32,27146196,22500.0,30560.0,22433.0,42570.0,40537.0,32715.0,25164.333333333332,4672.904485785822,0.7461775063522489,30914.8,8803.931150342689,-0.0798214705191449,31153.0,8808.189522638382,-0.033672940770160587,31649.5,7257.691356991577,0.19737123643588572,15,-0.5877852522925252,-0.8090169943749096,30,30866.958333333332
Sumatera Barat,2017,3810773,51512,1.3517467453453669,514069620,693,32806043,131010984.72,35697816,39172.0,22500.0,30560.0,36511.0,22960.0,31672.0,30744.0,8337.522893518522,0.6856020942408376,30235.2,7747.01876207708,0.41086247980060797,30958.0,8577.916860562162,1.2435540069686413,32295.2,7640.172959067174,0.6264208133367011,16,-0.9510565162950955,-0.3090169943751262,30,30866.958333333332
Sumatera Barat,2018,3810773,37400,0.9814281774327676,514069620,693,22459269,95119794.0,25918200,51512.0,39172.0,22500.0,22433.0,42570.0,34037.0,37728.0,14559.80384483072,0.6622222222222223,33235.4,12332.637098365234,0.667186733829626,35036.857142857145,10673.357241729162,-0.12144702842377264,34279.2,9746.136839225346,0.09880424244204833,17,-0.9510565162951491,0.3090169943749612,30,30866.958333333332
Sumatera Barat,2019,3810773,30977,0.8128796965864931,514069620,693,17493056,78784113.87,21467061,37400.0,51512.0,39172.0,30560.0,36511.0,40537.0,42694.666666666664,7687.26357901706,-0.20920555498825688,36228.8,10772.947377573817,0.01364528795811526,34298.28571428572,10235.079526061862,-0.15157075949713783,34615.5,9794.751454507257,-0.2358339294965094,18,-0.5877852522924816,0.8090169943749413,30,30866.958333333332
Sumatera Barat,2020,3810773,30395,0.7976072046275126,514069620,693,14199181,77303907.45,21063735,30977.0,37400.0,51512.0,22500.0,22433.0,22960.0,39963.0,10504.679100284218,-0.40994331417922036,36312.2,10719.572202283754,0.3508888888888888,33507.71428571428,10249.397782543663,0.3549235501270449,33659.5,9617.516221862816,0.32382404181184676,19,-3.5264875970351066e-14,1.0,30,30866.958333333332
Sumatera Barat,2021,3810773,35801,0.939468186638249,514069620,693,18921715,91053041.31,24810093,30395.0,30977.0,37400.0,39172.0,30560.0,42570.0,32924.0,3887.2371936821705,-0.04275401069518714,37891.2,8535.32504946207,-0.08605636679260698,34645.142857142855,9204.024634704057,0.17149869109947646,34403.0,8963.625890850622,-0.15900869156683106,20,0.5877852522924245,0.8090169943749828,30,30866.958333333332
Sumatera Barat,2022,3810773,35602,0.9342461490096629,514069620,693,21147747,90546922.62,24672186,35801.0,30395.0,30977.0,51512.0,22500.0,36511.0,32391.0,2967.4494098376617,0.14930432256190085,37217.0,8541.9970440158,-0.30886007143966454,35393.857142857145,9027.809062903296,0.582311111111111,33726.1,8523.118110306747,-0.024896606502150087,21,0.9510565162951273,0.30901699437502833,30,30866.958333333332
Sumatera Barat,2023,3810773,35180,0.923172280269646,514069620,693,20412308,89473645.8,24379740,35602.0,35801.0,30395.0,37400.0,39172.0,22433.0,33932.666666666664,3065.324507010582,0.15742720842243796,34035.0,3142.388979737307,-0.05935828877005345,37265.57142857143,7050.727973225795,-0.10190952721331559,33635.2,8494.91734051832,0.5682253822493648,22,0.9510565162951875,-0.30901699437484287,30,30866.958333333332
Sumatera Barat,2024,3810773,32209,0.8452090953725135,514069620,693,18836603,81917471.78999999,22320837,35180.0,35602.0,35801.0,30977.0,51512.0,30560.0,35527.666666666664,317.10303259371443,-0.10033239294991758,33591.0,2669.2955063039476,0.03977144332892135,36695.28571428572,7032.2488985726695,-0.37472821866749495,34909.9,7528.620257982557,0.053959424083769525,23,0.5877852522923983,-0.8090169943750019,30,30866.958333333332
Sumatera Selatan,2001,7037599,59014,0.8385530349200062,551168979,417,31281401,90314435.46,24608838,14410.5,14240.5,14297.0,14513.5,14205.5,13514.5,15178.666666666668,4017.0082175396165,0.0633849853059043,17240.6,5139.581227977338,0.05911762543411603,17640.071428571428,6234.743617288343,0.041157114531337746,16975.1,7256.98049774816,0.1856132422614606,0,0.5877852522924594,0.8090169943749574,31,136906.5
Sumatera Selatan,2002,7037599,65958,0.9372230500771641,551168979,417,46501832,100941463.62,27504486,59014.0,14240.5,14297.0,14513.5,14205.5,13514.5,15178.666666666668,4017.0082175396165,0.0633849853059043,17240.6,5139.581227977338,0.05911762543411603,17640.071428571428,6234.743617288343,0.041157114531337746,16975.1,7256.98049774816,0.1856132422614606,1,0.9510565162951407,0.3090169943749873,31,136906.5
Sumatera Selatan,2003,7037599,30693,0.4361288558782619,551168979,417,19401195,46972260.269999996,12798981,65958.0,59014.0,14297.0,14513.5,14205.5,13514.5,15178.666666666668,4017.0082175396165,0.0633849853059043,17240.6,5139.581227977338,0.05911762543411603,17640.071428571428,6234.743617288343,0.041157114531337746,16975.1,7256.98049774816,0.1856132422614606,2,0.9510565162951742,-0.3090169943748839,31,136906.5
Sumatera Selatan,2004,7037599,102154,1.4515461878404836,551168979,417,69740460,156335460.06,42598218,30693.0,65958.0,59014.0,14513.5,14205.5,13514.5,51888.333333333336,18681.177701988832,0.7310129799708545,17240.6,5139.581227977338,0.05911762543411603,17640.071428571428,6234.743617288343,0.041157114531337746,16975.1,7256.98049774816,0.1856132422614606,3,0.5877852522925473,-0.8090169943748935,31,136906.5
Sumatera Selatan,2005,7037599,87403,1.2419434525894413,551168979,417,65351204,133760677.17,36447051,102154.0,30693.0,65958.0,14513.5,14205.5,13514.5,66268.33333333333,35731.5107479839,0.32513114406137245,17240.6,5139.581227977338,0.05911762543411603,17640.071428571428,6234.743617288343,0.041157114531337746,16975.1,7256.98049774816,0.1856132422614606,4,-1.1076377890021368e-13,-1.0,31,136906.5
Sumatera Selatan,2006,7037599,170369,2.420839834722041,551168979,417,143867576,260731013.91,71043873,87403.0,102154.0,30693.0,59014.0,14205.5,13514.5,73416.66666666667,37727.73211224458,4.5507444694229955,69044.4,27451.08594026795,1.8869251364083097,17640.071428571428,6234.743617288343,0.041157114531337746,16975.1,7256.98049774816,0.1856132422614606,5,-0.5877852522923587,-0.8090169943750306,31,136906.5
Sumatera Selatan,2007,7037599,173988,2.4722636228634225,551168979,417,173093278,266269495.32,72552996,170369.0,87403.0,102154.0,65958.0,14205.5,13514.5,119975.33333333333,44261.03512496408,0.7031932180825029,91315.4,51721.19225520597,1.6378604566542343,17640.071428571428,6234.743617288343,0.041157114531337746,16975.1,7256.98049774816,0.1856132422614606,6,-0.9510565162951724,-0.30901699437488944,31,136906.5
Sumatera Selatan,2008,7037599,189246,2.6890705196473967,551168979,417,154544676,289620185.94,78915582,173988.0,170369.0,87403.0,30693.0,59014.0,13514.5,143920.0,48978.59488592928,1.165211720421496,112921.4,60328.251651278435,5.165770696901574,98511.28571428571,55099.91038623798,2.2067983868234657,16975.1,7256.98049774816,0.1856132422614606,7,-0.9510565162951424,0.30901699437498176,31,136906.5
Sumatera Selatan,2009,7037599,201438,2.862311421835771,551168979,417,151514614,308278700.82,83999646,189246.0,173988.0,170369.0,102154.0,65958.0,13514.5,177867.66666666666,10018.689651512284,0.1823629885718645,144632.0,46352.22709320428,0.9719051627934294,117115.85714285714,61190.74412422365,2.0540343855180567,16975.1,7256.98049774816,0.1856132422614606,8,-0.587785252292464,0.809016994374954,31,136906.5
Sumatera Selatan,2010,7037599,120180,1.7076846805281174,551168979,417,102276017,183922270.2,50115060,201438.0,189246.0,173988.0,87403.0,30693.0,13514.5,188224.0,13753.508206998986,-0.30926270777294984,164488.8,44847.50396287381,0.37501001109801724,136470.14285714287,63687.80861731863,2.9155507770501417,16975.1,7256.98049774816,0.1856132422614606,9,-1.3703664537718588e-14,1.0,31,136906.5
Sumatera Selatan,2011,7037599,132284,1.8796751562571268,551168979,417,109002471,202446110.76,55162428,120180.0,201438.0,189246.0,170369.0,102154.0,59014.0,170288.0,43820.88502072937,-0.3009944728025956,171044.2,31029.73290571452,-0.22354418937717546,149254.0,45220.56607709974,0.2949468449595709,120044.3,60438.696005953054,1.2415697969973225,10,0.5877852522924419,0.8090169943749701,31,136906.5
Sumatera Selatan,2012,7037599,361299,5.1338389697963756,551168979,417,283338468,552928376.61,150661683,132284.0,120180.0,201438.0,173988.0,87403.0,65958.0,151300.66666666666,43839.945818092805,0.7935990230244541,163427.2,35578.016600142044,1.0765742464997587,153558.2857142857,41249.80878628132,3.133713945745569,127371.3,56532.967001662975,4.477713090148276,11,0.951056516295134,0.3090169943750078,31,136906.5
Sumatera Selatan,2013,7037599,100948,1.434409661590551,551168979,417,79944249,154489809.72,42095316,361299.0,132284.0,120180.0,189246.0,170369.0,30693.0,204587.66666666666,135850.86749937714,-0.16002662672657675,200889.4,96290.98822735169,-0.4665778933240333,192686.2857142857,79866.5138480333,-0.40747436446771423,156905.4,88814.24560683443,2.2889583944221807,12,0.9510565162951808,-0.30901699437486335,31,136906.5
Sumatera Selatan,2014,7037599,159552,2.267136845961243,551168979,417,113533856,244176785.28,66533184,100948.0,361299.0,132284.0,201438.0,173988.0,102154.0,198177.0,142134.00855178887,0.20613226089322967,183229.8,106514.3475837879,-0.20793494772585108,182769.0,87083.6227791043,-0.0829712393958204,163930.9,80069.28680343737,0.5618771658476418,13,0.5877852522925647,-0.8090169943748808,31,136906.5
Sumatera Selatan,2015,7037599,169040,2.401955553307314,551168979,417,136997228,258697125.6,70489680,159552.0,100948.0,361299.0,120180.0,189246.0,87403.0,207266.33333333334,136576.54997961153,-0.5321326657422245,174852.6,106371.32747032905,0.40655683141953736,180706.7142857143,87496.18668779095,-0.10677108102681165,169670.7,77152.91638046554,0.9340297243801701,14,1.3817110797565086e-13,-1.0,31,136906.5
Sumatera Selatan,2016,7037599,275754,3.918296566769434,551168979,417,252613872,422011164.06,114989418,169040.0,159552.0,100948.0,132284.0,201438.0,170369.0,143180.0,36880.37288314717,1.7316440147402625,184624.6,102257.84864644855,1.0845604910646789,177820.14285714287,87500.82177600503,0.36892741190837874,177834.4,71600.05888917501,0.6185691058819387,15,-0.5877852522925252,-0.8090169943749096,31,136906.5
Sumatera Selatan,2017,7037599,124661,1.7713569642146418,551168979,417,91449446,190779947.79,51983637,275754.0,169040.0,159552.0,361299.0,120180.0,173988.0,201448.66666666666,64524.93670925469,-0.21868105695948659,213318.6,104013.18593716847,-0.6549644477288894,188436.7142857143,95028.60880232208,0.037285738059577245,188372.9,77861.01002634256,-0.2835080580269904,16,-0.9510565162950955,-0.3090169943751262,31,136906.5
Sumatera Selatan,2018,7037599,125458,1.7826818493068446,551168979,417,78647711,191999668.62,52315986,124661.0,275754.0,169040.0,100948.0,132284.0,189246.0,189818.33333333334,77660.01554425109,-0.25782063416942735,165991.0,67151.75731133162,0.2427982723778579,189076.85714285713,94505.83152453005,-0.051601100662211574,183440.2,80394.85714729101,-0.33706392737495117,17,-0.9510565162951491,0.3090169943749612,31,136906.5
Sumatera Selatan,2019,7037599,102590,1.4577414825709734,551168979,417,64381568,157002710.1,42780030,125458.0,124661.0,275754.0,159552.0,361299.0,201438.0,175291.0,87004.4227553978,-0.6279655054867744,170893.0,61906.41780138777,-0.3570121339751303,188101.7142857143,95222.01005144817,-0.7160523555282468,177061.4,82388.87115408512,-0.49071178228536816,18,-0.5877852522924816,0.8090169943749413,31,136906.5
Sumatera Selatan,2020,7037599,108366,1.539814928358379,551168979,417,67795114,165842242.74,45188622,102590.0,125458.0,124661.0,169040.0,100948.0,120180.0,117569.66666666667,12978.891028639615,-0.13071449771781074,159500.6,69313.3571167923,-0.3589327969711311,151143.2857142857,60768.4986834306,0.07348337758053658,167176.6,85026.8015852779,-0.09830254618072887,19,-3.5264875970351066e-14,1.0,31,136906.5
Sumatera Selatan,2021,7037599,77866,1.1064284850557697,551168979,417,49699965,119165347.74,32470122,108366.0,102590.0,125458.0,275754.0,159552.0,132284.0,112138.0,11891.481993425685,-0.37934607597761805,147365.8,72465.2437531261,-0.7176251296445382,152203.0,59804.30739503645,-0.5119710188527877,165995.2,85830.62267020758,-0.4113725015874936,20,0.5877852522924245,0.8090169943749828,31,136906.5
Sumatera Selatan,2022,7037599,87810,1.247726674964004,551168979,417,53559197,134383545.9,36616770,77866.0,108366.0,102590.0,124661.0,169040.0,361299.0,96274.0,16201.277480494053,-0.1440686226727751,107788.2,19491.064624590897,-0.29560969348874144,140533.57142857142,65800.30891988575,-0.48053715097018457,160553.4,89837.03833200793,-0.756960301578471,21,0.9510565162951273,0.30901699437502833,31,136906.5
Sumatera Selatan,2023,7037599,139240,1.9785156841132892,551168979,417,82593587,213091503.6,58063080,87810.0,77866.0,108366.0,125458.0,275754.0,100948.0,91347.33333333333,15554.64706553305,0.28490485945776345,100418.0,18455.6512754218,0.10985349678776957,128929.28571428571,67085.30180477772,-0.4950571886536551,133204.5,57878.631749261855,0.3793240084003646,22,0.9510565162951875,-0.30901699437484287,31,136906.5
Sumatera Selatan,2024,7037599,120445,1.7114501692977961,551168979,417,69986009,184327823.54999998,50225565,139240.0,87810.0,77866.0,102590.0,124661.0,159552.0,101638.66666666667,32941.09872686851,0.5468240310276629,103174.4,23476.592785154713,0.1740423043181596,109427.28571428571,21943.656583124797,-0.033819719078139965,137033.7,56763.389864418736,-0.24510504412354595,23,0.5877852522923983,-0.8090169943750019,31,136906.5
Sumatera Utara,2001,5784850,54337,0.9392983396285124,646605358,572,20198258,114066403.88,31080764,14410.5,14240.5,14297.0,14513.5,14205.5,13514.5,15178.666666666668,4017.0082175396165,0.0633849853059043,17240.6,5139.581227977338,0.05911762543411603,17640.071428571428,6234.743617288343,0.041157114531337746,16975.1,7256.98049774816,0.1856132422614606,0,0.5877852522924594,0.8090169943749574,32,67480.16666666667
Sumatera Utara,2002,5784850,39735,0.686880385835415,646605358,572,19718932,83413301.39999999,22728420,54337.0,14240.5,14297.0,14513.5,14205.5,13514.5,15178.666666666668,4017.0082175396165,0.0633849853059043,17240.6,5139.581227977338,0.05911762543411603,17640.071428571428,6234.743617288343,0.041157114531337746,16975.1,7256.98049774816,0.1856132422614606,1,0.9510565162951407,0.3090169943749873,32,67480.16666666667
Sumatera Utara,2003,5784850,37482,0.6479338271519572,646605358,572,17289127,78683713.67999999,21439704,39735.0,54337.0,14297.0,14513.5,14205.5,13514.5,15178.666666666668,4017.0082175396165,0.0633849853059043,17240.6,5139.581227977338,0.05911762543411603,17640.071428571428,6234.743617288343,0.041157114531337746,16975.1,7256.98049774816,0.1856132422614606,2,0.9510565162951742,-0.3090169943748839,32,67480.16666666667
Sumatera Utara,2004,5784850,72385,1.2512856858864103,646605358,572,32988896,151953487.4,41404220,37482.0,39735.0,54337.0,14513.5,14205.5,13514.5,43851.333333333336,9150.459350944375,0.3321493641533393,17240.6,5139.581227977338,0.05911762543411603,17640.071428571428,6234.743617288343,0.041157114531337746,16975.1,7256.98049774816,0.1856132422614606,3,0.5877852522925473,-0.8090169943748935,32,67480.16666666667
Sumatera Utara,2005,5784850,74515,1.2881060010199055,646605358,572,42128425,156424868.6,42622580,72385.0,37482.0,39735.0,14513.5,14205.5,13514.5,49867.333333333336,19533.381333841993,0.8752988549138039,17240.6,5139.581227977338,0.05911762543411603,17640.071428571428,6234.743617288343,0.041157114531337746,16975.1,7256.98049774816,0.1856132422614606,4,-1.1076377890021368e-13,-1.0,32,67480.16666666667
Sumatera Utara,2006,5784850,66724,1.1534266229893602,646605358,572,36172537,140069689.76,38166128,74515.0,72385.0,37482.0,54337.0,14205.5,13514.5,61460.666666666664,20793.426036449342,0.7801611440157943,55690.8,17471.602279126426,0.2279662108692051,17640.071428571428,6234.743617288343,0.041157114531337746,16975.1,7256.98049774816,0.1856132422614606,5,-0.5877852522923587,-0.8090169943750306,32,67480.16666666667
Sumatera Utara,2007,5784850,52432,0.906367494403485,646605358,572,27915975,110067351.67999999,29991104,66724.0,74515.0,72385.0,39735.0,14205.5,13514.5,71208.0,4026.650841575205,-0.275651032672515,58168.2,18098.609883081514,0.31954196552158054,17640.071428571428,6234.743617288343,0.041157114531337746,16975.1,7256.98049774816,0.1856132422614606,6,-0.9510565162951724,-0.30901699437488944,32,67480.16666666667
Sumatera Utara,2008,5784850,65671,1.1352239038177308,646605358,572,39202488,137859190.04,37563812,52432.0,66724.0,74515.0,37482.0,54337.0,13514.5,64557.0,11199.849954350137,-0.11868751258135946,60707.6,15581.375783286147,0.7520676591430553,56801.42857142857,14970.773492121702,0.20858715056039157,16975.1,7256.98049774816,0.1856132422614606,7,-0.9510565162951424,0.30901699437498176,32,67480.16666666667
Sumatera Utara,2009,5784850,121059,2.0926903895520197,646605358,572,70173476,254131895.16,69245748,65671.0,52432.0,66724.0,72385.0,39735.0,13514.5,61609.0,7964.935592957174,0.8143246807745339,66345.4,8622.644391367206,0.6724321337293637,58420.57142857143,15269.735195883834,2.0466591166477914,16975.1,7256.98049774816,0.1856132422614606,8,-0.587785252292464,0.809016994374954,32,67480.16666666667
Sumatera Utara,2010,5784850,93338,1.6134904102958592,646605358,572,47346780,195938863.12,53389336,121059.0,65671.0,52432.0,74515.0,37482.0,13514.5,79720.66666666667,36406.88303512529,0.7801724137931034,76080.2,26366.02732115661,0.25260685767966184,70038.28571428571,25912.069373906153,1.4902086334774025,16975.1,7256.98049774816,0.1856132422614606,9,-1.3703664537718588e-14,1.0,32,67480.16666666667
Sumatera Utara,2011,5784850,100568,1.7384720433546246,646605358,572,55309139,211116368.32,57524896,93338.0,121059.0,65671.0,66724.0,72385.0,54337.0,93356.0,27694.00438723089,0.5313913295061747,79844.8,27409.808147814114,0.5072237875427132,78017.71428571429,22604.859431210585,0.3893486219520619,67767.8,25132.44287900921,0.8508198833207574,10,0.5877852522924419,0.8090169943749701,32,67480.16666666667
Sumatera Utara,2012,5784850,89313,1.5439121152666015,646605358,572,46721516,187489422.12,51087036,100568.0,93338.0,121059.0,52432.0,74515.0,39735.0,104988.33333333333,14379.428720686352,-0.2622357693356132,86613.6,27538.167555231,0.7034063167531279,82043.85714285714,23906.753407274227,0.19859088774072342,72390.9,26596.769563447087,1.2477161192902981,11,0.951056516295134,0.3090169943750078,32,67480.16666666667
Sumatera Utara,2013,5784850,53252,0.9205424514032343,646605358,572,24688366,111788728.48,30460144,89313.0,100568.0,93338.0,65671.0,66724.0,37482.0,94406.33333333333,5703.048161579656,-0.4294713835736784,93989.8,20001.662673387378,-0.18910934811408386,84157.85714285714,23783.996464209933,-0.20190636052994426,77348.7,24359.906075580537,0.4207352862707432,12,0.9510565162951808,-0.30901699437486335,32,67480.16666666667
Sumatera Utara,2014,5784850,85505,1.4780849978823998,646605358,572,43983016,179495516.2,48908860,53252.0,89313.0,100568.0,121059.0,52432.0,72385.0,81044.33333333333,24717.991429994752,-0.149779253838199,91506.0,24632.466593907677,-0.29369150579469516,82233.28571428571,25882.348333142465,0.6307789136405249,78925.7,21876.09834220381,0.18125302203495197,13,0.5877852522925647,-0.8090169943748808,32,67480.16666666667
Sumatera Utara,2015,5784850,53040,0.9168777064228114,646605358,572,27395935,111343689.6,30338880,85505.0,53252.0,89313.0,93338.0,65671.0,74515.0,76023.33333333333,19812.254599951335,-0.4061334856067985,84395.2,18281.469106720528,-0.43174269857935677,86958.0,22307.333398085924,-0.19233756148071446,80237.7,21833.628751436398,-0.2881970073139636,14,1.3817110797565086e-13,-1.0,32,67480.16666666667
Sumatera Utara,2016,5784850,79282,1.3705109034806433,646605358,572,39048200,166431945.68,45349304,53040.0,85505.0,53252.0,100568.0,121059.0,66724.0,63932.333333333336,18682.778067870157,0.48880793209644713,76335.6,21881.713742300366,-0.21165778378808364,85153.57142857143,24698.87095163949,-0.34509619276551107,78090.2,23454.954765819977,0.18820814099874106,15,-0.5877852522925252,-0.8090169943749096,32,67480.16666666667
Sumatera Utara,2017,5784850,74551,1.2887283162052603,646605358,572,34312671,156500441.24,42643172,79282.0,53040.0,85505.0,89313.0,93338.0,52432.0,72609.0,17230.518071142225,-0.12810946728261507,72078.4,17650.00629744863,-0.16528388924344717,79185.42857142857,18956.74815518408,-0.201279221753198,79346.0,23112.463390993064,0.42186069575831553,16,-0.9510565162950955,-0.3090169943751262,32,67480.16666666667
Sumatera Utara,2018,5784850,66196,1.1442993336041558,646605358,572,30145097,138961291.04,37864112,74551.0,79282.0,53040.0,53252.0,100568.0,65671.0,68957.66666666667,13986.589088598095,0.24803921568627452,69126.0,15096.273331520471,0.24307068279125676,76501.57142857143,17920.708829519237,-0.34177869700103414,81557.9,21232.515130494106,0.007994396308873108,17,-0.9510565162951491,0.3090169943749612,32,67480.16666666667
Sumatera Utara,2019,5784850,51889,0.8969809070243827,646605358,572,22715314,108927464.36,29680508,66196.0,74551.0,79282.0,85505.0,89313.0,121059.0,73343.0,6626.1072282267705,-0.34551348351454303,71714.8,12596.442660528264,-0.3931465996140576,71591.28571428571,14635.26737842953,-0.41902074725963745,81610.4,21189.473556461817,-0.5713742885700361,18,-0.5877852522924816,0.8090169943749413,32,67480.16666666667
Sumatera Utara,2020,5784850,50234,0.8683716950309861,646605358,572,21464976,105453222.16,28733848,51889.0,66196.0,74551.0,53040.0,53252.0,93338.0,64212.0,11460.530223334212,-0.32617939397191187,64991.6,12364.941459625921,-0.0529034690799397,66245.0,13899.567235470404,-0.056673927739803176,74693.4,17918.534142675187,-0.4618054811545137,19,-3.5264875970351066e-14,1.0,32,67480.16666666667
Sumatera Utara,2021,5784850,59204,1.0234318953819026,646605358,572,27002431,124283404.96,33864688,50234.0,51889.0,66196.0,79282.0,85505.0,100568.0,56106.333333333336,8777.003266109017,-0.10562571756601602,64430.4,13085.663884571388,-0.253247899901617,65813.85714285714,14407.293863742058,-0.3075960470147945,70383.0,18118.469551506907,-0.41130379444753795,20,0.5877852522924245,0.8090169943749828,32,67480.16666666667
Sumatera Utara,2022,5784850,49218,0.8508085775776381,646605358,572,25054722,103320394.32,28152696,59204.0,50234.0,51889.0,74551.0,53040.0,89313.0,53775.666666666664,4773.348754625812,-0.0514752645069283,60414.8,10137.287788159896,-0.3398076484554198,62056.57142857143,11565.389687298792,-0.07205882352941173,66246.6,14896.86102804489,-0.4489268079674852,21,0.9510565162951273,0.30901699437502833,32,67480.16666666667
Sumatera Utara,2023,5784850,65335,1.129415628754419,646605358,572,31631987,137153845.4,37371620,49218.0,59204.0,50234.0,66196.0,79282.0,53252.0,52885.333333333336,5495.655132310213,0.3006131305490305,55348.2,7215.303472479549,-0.013006828207142385,61510.57142857143,12138.04607912976,-0.1759163492343786,62237.1,13309.986738869518,0.22690227597085566,22,0.9510565162951875,-0.30901699437484287,32,67480.16666666667
Sumatera Utara,2024,5784850,64259,1.1108153193254795,646605358,572,31182206,134895063.16,36756148,65335.0,49218.0,59204.0,51889.0,74551.0,85505.0,57919.0,8134.9763982420645,0.08538274440916149,55176.0,6894.845212183912,0.2383934938040817,59518.142857142855,9617.75402452259,-0.13805314482703113,63445.4,12947.186723162607,-0.24847669726916555,23,0.5877852522923983,-0.8090169943750019,32,67480.16666666667
Yogyakarta,2001,133245,83,0.062291267965026834,10315651,323,44923,98389.03,26809,14410.5,14240.5,14297.0,14513.5,14205.5,13514.5,15178.666666666668,4017.0082175396165,0.0633849853059043,17240.6,5139.581227977338,0.05911762543411603,17640.071428571428,6234.743617288343,0.041157114531337746,16975.1,7256.98049774816,0.1856132422614606,0,0.5877852522924594,0.8090169943749574,33,66.75
Yogyakarta,2002,133245,33,0.024766407745131152,10315651,323,16772,39118.53,10659,83.0,14240.5,14297.0,14513.5,14205.5,13514.5,15178.666666666668,4017.0082175396165,0.0633849853059043,17240.6,5139.581227977338,0.05911762543411603,17640.071428571428,6234.743617288343,0.041157114531337746,16975.1,7256.98049774816,0.1856132422614606,1,0.9510565162951407,0.3090169943749873,33,66.75
Yogyakarta,2003,133245,8,0.0060039776351833085,10315651,323,4432,9483.28,2584,33.0,83.0,14297.0,14513.5,14205.5,13514.5,15178.666666666668,4017.0082175396165,0.0633849853059043,17240.6,5139.581227977338,0.05911762543411603,17640.071428571428,6234.743617288343,0.041157114531337746,16975.1,7256.98049774816,0.1856132422614606,2,0.9510565162951742,-0.3090169943748839,33,66.75
Yogyakarta,2004,133245,70,0.052534804307853955,10315651,323,34080,82978.7,22610,8.0,33.0,83.0,14513.5,14205.5,13514.5,41.333333333333336,38.18813003105426,-0.15662650602409633,17240.6,5139.581227977338,0.05911762543411603,17640.071428571428,6234.743617288343,0.041157114531337746,16975.1,7256.98049774816,0.1856132422614606,3,0.5877852522925473,-0.8090169943748935,33,66.75
Yogyakarta,2005,133245,15,0.011257458065968704,10315651,323,7815,17781.15,4845,70.0,8.0,33.0,14513.5,14205.5,13514.5,37.0,31.192946990215038,-0.5454545454545454,17240.6,5139.581227977338,0.05911762543411603,17640.071428571428,6234.743617288343,0.041157114531337746,16975.1,7256.98049774816,0.1856132422614606,4,-1.1076377890021368e-13,-1.0,33,66.75
Yogyakarta,2006,133245,61,0.04578032946827273,10315651,323,32811,72310.01,19703,15.0,70.0,8.0,83.0,14205.5,13514.5,31.0,33.95585283766215,6.625,41.8,33.282126917979966,-0.2650602409638554,17640.071428571428,6234.743617288343,0.041157114531337746,16975.1,7256.98049774816,0.1856132422614606,5,-0.5877852522923587,-0.8090169943750306,33,66.75
Yogyakarta,2007,133245,18,0.013508949679162446,10315651,323,9866,21337.38,5814,61.0,15.0,70.0,33.0,14205.5,13514.5,48.666666666666664,29.50141141149716,-0.7428571428571429,37.4,27.409851735904493,-0.4545454545454546,17640.071428571428,6234.743617288343,0.041157114531337746,16975.1,7256.98049774816,0.1856132422614606,6,-0.9510565162951724,-0.30901699437488944,33,66.75
Yogyakarta,2008,133245,28,0.02101392172314158,10315651,323,14506,33191.479999999996,9044,18.0,61.0,15.0,8.0,83.0,13514.5,31.333333333333332,25.735836401142652,0.8666666666666667,34.4,28.797568858917398,2.5,41.142857142857146,29.896648021844502,-0.6626506024096386,16975.1,7256.98049774816,0.1856132422614606,7,-0.9510565162951424,0.30901699437498176,33,66.75
Yogyakarta,2009,133245,25,0.018762430109947843,10315651,323,13712,29635.25,8075,28.0,18.0,61.0,70.0,33.0,13514.5,35.666666666666664,22.501850485402045,-0.5901639344262295,38.4,25.402755208526607,-0.6428571428571428,33.285714285714285,23.63411660513557,-0.24242424242424243,16975.1,7256.98049774816,0.1856132422614606,8,-0.587785252292464,0.809016994374954,33,66.75
Yogyakarta,2010,133245,143,0.10732110022890165,10315651,323,97185,169513.63,46189,25.0,28.0,18.0,15.0,8.0,13514.5,23.666666666666668,5.131595781488864,6.944444444444445,29.4,18.420096964560027,8.533333333333333,32.142857142857146,23.842739557569274,16.875,16975.1,7256.98049774816,0.1856132422614606,9,-1.3703664537718588e-14,1.0,33,66.75
Yogyakarta,2011,133245,173,0.12983601636083905,10315651,323,111356,205075.93,55879,143.0,25.0,28.0,61.0,70.0,83.0,65.33333333333333,67.27802966254508,5.178571428571429,55.0,51.908573205062254,1.8360655737704916,51.42857142857143,45.668578768668034,1.4714285714285715,48.4,41.69252518604242,1.0843373493975905,10,0.5877852522924419,0.8090169943749701,33,66.75
Yogyakarta,2012,133245,55,0.04127734624188525,10315651,323,30725,65197.549999999996,17765,173.0,143.0,25.0,18.0,15.0,33.0,113.66666666666667,78.23894986057488,1.2000000000000002,77.4,74.42647359768317,2.0555555555555554,66.14285714285714,65.10614074677059,2.6666666666666665,57.4,56.92334017245819,0.6666666666666667,11,0.951056516295134,0.3090169943750078,33,66.75
Yogyakarta,2013,133245,27,0.020263424518743665,10315651,323,13291,32006.07,8721,55.0,173.0,143.0,28.0,61.0,8.0,123.66666666666667,61.32970956467899,-0.8111888111888113,84.8,68.66003183939742,-0.0357142857142857,71.85714285714286,61.52622391796939,-0.5573770491803278,59.6,56.29722699654622,2.375,12,0.9510565162951808,-0.30901699437486335,33,66.75
Yogyakarta,2014,133245,59,0.0442793350594769,10315651,323,29271,69939.19,19057,27.0,55.0,173.0,25.0,18.0,70.0,85.0,77.48548213662701,-0.6589595375722543,84.6,68.86798945945102,1.3599999999999999,67.0,63.82528265346981,2.2777777777777777,61.5,54.65904409001419,-0.15714285714285714,13,0.5877852522925647,-0.8090169943748808,33,66.75
Yogyakarta,2015,133245,42,0.031520882584712376,10315651,323,22184,49787.22,13566,59.0,27.0,55.0,143.0,28.0,15.0,47.0,17.435594109083173,-0.23636363636363633,91.4,62.93488676550915,-0.7062937062937062,72.85714285714286,60.36673667070819,0.5,60.4,54.57960537651645,1.7999999999999998,14,1.3817110797565086e-13,-1.0,33,66.75
Yogyakarta,2016,133245,67,0.050283312694660215,10315651,323,35123,79422.47,21641,42.0,59.0,27.0,173.0,25.0,61.0,42.666666666666664,16.01041146470072,1.4814814814814814,71.2,58.26834451214712,-0.6127167630057804,74.85714285714286,58.845641834693176,1.6800000000000002,63.1,52.72033121155866,0.09836065573770503,15,-0.5877852522925252,-0.8090169943749096,33,66.75
Yogyakarta,2017,133245,108,0.08105369807497466,10315651,323,59040,128024.28,34884,67.0,42.0,59.0,55.0,143.0,18.0,56.0,12.76714306095108,0.8305084745762712,50.0,15.716232760589019,0.9636363636363636,80.85714285714286,54.925491012243945,-0.2447552447552448,63.7,52.72791787143209,5.0,16,-0.9510565162950955,-0.3090169943751262,33,66.75
Yogyakarta,2018,133245,140,0.10506960861570791,10315651,323,69380,165957.4,45220,108.0,67.0,42.0,27.0,173.0,28.0,72.33333333333333,33.32166375311904,2.3333333333333335,60.6,30.68061231764513,4.185185185185185,75.85714285714286,49.66698665045869,-0.19075144508670516,72.7,51.732323773991624,4.0,17,-0.9510565162951491,0.3090169943749612,33,66.75
Yogyakarta,2019,133245,69,0.051784307103456044,10315651,323,37201,81793.29,22287,140.0,108.0,67.0,59.0,55.0,25.0,105.0,36.59234813386809,0.029850746268656803,83.2,39.95872836048432,0.1694915254237288,71.14285714285714,39.418391176423604,0.25454545454545463,83.9,53.08577954334405,1.7599999999999998,18,-0.5877852522924816,0.8090169943749413,33,66.75
Yogyakarta,2020,133245,56,0.04202784344628316,10315651,323,30667,66382.95999999999,18088,69.0,140.0,108.0,42.0,27.0,143.0,105.66666666666667,35.55746441021474,-0.4814814814814815,85.2,38.67428049992776,0.33333333333333326,73.14285714285714,38.81335117719051,1.074074074074074,88.3,49.353711903095125,-0.6083916083916083,19,-3.5264875970351066e-14,1.0,33,66.75
Yogyakarta,2021,133245,71,0.05328530151225187,10315651,323,40413,84164.11,22933,56.0,69.0,140.0,67.0,59.0,173.0,88.33333333333333,45.214303879189075,-0.4928571428571429,88.0,35.10697896696977,0.05970149253731338,77.28571428571429,34.35944510172612,0.20338983050847448,79.6,46.20774334762291,-0.5895953757225434,20,0.5877852522924245,0.8090169943749828,33,66.75
Yogyakarta,2022,133245,36,0.027017899358324892,10315651,323,20041,42674.76,11628,71.0,56.0,69.0,108.0,42.0,55.0,65.33333333333333,8.144524250949047,-0.4782608695652174,88.8,34.54996341803136,-0.6666666666666667,79.0,33.585711829985755,-0.1428571428571429,69.4,32.53442605321983,-0.34545454545454546,21,0.9510565162951273,0.30901699437502833,33,66.75
Yogyakarta,2023,133245,107,0.08030320087057677,10315651,323,56440,126838.87,34561,36.0,71.0,56.0,140.0,67.0,27.0,54.333333333333336,17.559421268132272,0.9107142857142858,74.4,39.23391354665571,-0.23571428571428577,78.14285714285714,34.74396201169105,0.5970149253731343,67.5,33.991011732696336,2.962962962962963,22,0.9510565162951875,-0.30901699437484287,33,66.75
Yogyakarta,2024,133245,108,0.08105369807497466,10315651,323,62309,128024.28,34884,107.0,36.0,71.0,69.0,108.0,59.0,71.33333333333333,35.50117287183191,0.5211267605633803,67.8,25.974987433799917,0.5652173913043479,83.85714285714286,35.87677377174502,0.0,75.5,32.79312242853437,0.8305084745762712,23,0.5877852522923983,-0.8090169943750019,33,66.75
